,TweetId,User,Tweet,Time,nb_retweets,nb_favorites
0,1598989666812071936,elonmusk,Twitter servers are running at Warp 9!! https://t.co/vtZZeKupC7,2022-12-03 10:36:59+00:00,17505,203313
1,1598864377750306816,elonmusk,Tune in for Episode 2 of The Twitter Files tomorrow!,2022-12-03 02:19:07+00:00,48509,420641
2,1598825403182874625,elonmusk,Here we go!! üçøüçø https://t.co/eILK9f3bAm,2022-12-02 23:44:15+00:00,74825,323785
3,1598778884639653891,elonmusk,What really happened with the Hunter Biden story suppression by Twitter will be published on Twitter at 5pm ET!,2022-12-02 20:39:24+00:00,96933,618083
4,1598770563597606917,elonmusk,"Major Twitter system improvements were implemented this week to drop hammer hard on spam/scam accounts.

Taking jus‚Ä¶ https://t.co/demKjOIKBB",2022-12-02 20:06:20+00:00,7588,51024
5,1598765633121898496,elonmusk,"Twitter is now serving almost 90 billion tweet impressions per day!

Just how incredibly alive the system actually‚Ä¶ https://t.co/DwrZLAKOoz",2022-12-02 19:46:45+00:00,16742,203673
6,1598752139278532610,elonmusk,"Hate speech impressions (# of times tweet was viewed) continue to decline, despite significant user growth!‚Ä¶ https://t.co/argDYV4hSV",2022-12-02 18:53:08+00:00,11163,103784
7,1598718904830132225,elonmusk,"You know Twitter is being fair when extremists on far right and far left are simultaneously upset!

Twitter aims to‚Ä¶ https://t.co/JCHEIFTFwC",2022-12-02 16:41:04+00:00,38610,460672
8,1598714331872780288,elonmusk,"RT @neuralink: Thank you for joining our live stream to hear about the progress the team has made in the last year. In case you missed it,‚Ä¶",2022-12-02 16:22:54+00:00,1808,0
9,1598548365364498432,elonmusk,FAFO,2022-12-02 05:23:24+00:00,13906,192845
10,1598501091720630272,elonmusk,"RT @Tesla: Tesla Semi driving 500 miles, fully loaded, on a single charge https://t.co/iZzomLcwZF",2022-12-02 02:15:33+00:00,9007,0
11,1598482808020029441,elonmusk,Tesla Semi Truck launch in 5 mins! https://t.co/jG3s9wuVGb,2022-12-02 01:02:54+00:00,8172,97925
12,1598477759730581504,elonmusk,Going live on Twitter in ~20 mins https://t.co/JdeI5ItUw3,2022-12-02 00:42:50+00:00,4071,50815
13,1598420481769512960,elonmusk,"üáØüáµüáØüáµ Congratulations Japan! üáØüáµüáØüáµ
https://t.co/WfqWIJMNGI",2022-12-01 20:55:14+00:00,83541,713298
14,1598414428525199360,elonmusk,AI is getting really good https://t.co/OwQgDi4wun,2022-12-01 20:31:11+00:00,6031,56641
15,1598381157124837376,elonmusk,"I meet so many people who read twitter every day, but almost never tweet.

If I may beg your indulgence, please add‚Ä¶ https://t.co/1aaxJE9M4u",2022-12-01 18:18:59+00:00,47526,591222
16,1598360883474108417,elonmusk,Lot of people stuck in a damn-that‚Äôs-crazy ChatGPT loop üîÅ,2022-12-01 16:58:25+00:00,5928,80061
17,1598337312446087168,elonmusk,"As a reminder, tap the stars icon on upper right of screen to switch between latest people you follow and recommended tweets",2022-12-01 15:24:45+00:00,13810,156629
18,1598157971384463360,elonmusk,"Twitter is purging a lot of spam/scam accounts right now, so you may see your follower count drop",2022-12-01 03:32:07+00:00,69296,700779
19,1598127347932090370,elonmusk,Exciting Neuralink update in 30 mins! https://t.co/5NYAyjP8mh,2022-12-01 01:30:26+00:00,4681,55730
20,1598050795882442752,elonmusk,Thanks @tim_cook for taking me around Apple‚Äôs beautiful HQ https://t.co/xjo4g306gR,2022-11-30 20:26:14+00:00,26359,445026
21,1598028229784506369,elonmusk,"RT @TwitterBusiness: Twitter 2.0:

Same mission.
Faster innovation.
More transparency.

https://t.co/mNBerk4vPE",2022-11-30 18:56:34+00:00,7494,0
22,1598002191767580672,elonmusk,RT @SpaceX: Falcon 9 is vertical on pad 40 in Florida ahead of launch of the @ispace_inc HAKUTO-R Mission 1 ‚Äì the first privately-led Japan‚Ä¶,2022-11-30 17:13:06+00:00,3292,0
23,1597982424629383168,elonmusk,Update from @Neuralink at 6pm PT,2022-11-30 15:54:33+00:00,8885,111416
24,1597829226572705793,elonmusk,Twitter core services latency reduced by ~400ms. Should feel noticeably faster.,2022-11-30 05:45:48+00:00,21128,327569
25,1597735092247736322,elonmusk,A little more progress to Mars https://t.co/TUjECUHaQ3,2022-11-29 23:31:45+00:00,10757,141907
26,1597405399040217088,elonmusk,"This is a battle for the future of civilization. If free speech is lost even in America, tyranny is all that lies ahead.",2022-11-29 01:41:40+00:00,145690,917051
27,1597404145421414400,elonmusk,"RT @pmarca: ""We look forward to a world founded upon four essential human freedoms. The first is freedom of speech and expression‚Äîeverywher‚Ä¶",2022-11-29 01:36:41+00:00,8885,0
28,1597336812732575744,elonmusk,The Twitter Files on free speech suppression soon to be published on Twitter itself. The public deserves to know what really happened ‚Ä¶,2022-11-28 21:09:07+00:00,132880,855269
29,1597331151211069440,elonmusk,RT @BillyM2k: @lexfridman apple should be more transparent about their processes and probably not have such a monopoly,2022-11-28 20:46:38+00:00,4739,0
30,1597331143158034433,elonmusk,RT @lexfridman: Apple should support free speech.,2022-11-28 20:46:36+00:00,20268,0
31,1597301968208556032,elonmusk,Did you know Apple puts a secret 30%  tax on everything you buy through their App Store? https://t.co/LGkPZ4EYcz,2022-11-28 18:50:40+00:00,44363,260641
32,1597300125243944961,elonmusk,"Apple has also threatened to withhold Twitter from its App Store, but won‚Äôt tell us why",2022-11-28 18:43:20+00:00,77885,670864
33,1597295832759382016,elonmusk,Apple should publish all censorship actions it has taken that affect its customers,2022-11-28 18:26:17+00:00,37225,188556
34,1597293917707587585,elonmusk,Accurate https://t.co/1PRfh67nWX,2022-11-28 18:18:40+00:00,25637,225190
35,1597291218714906626,elonmusk,Who else has Apple censored? https://t.co/lZculFIkAX,2022-11-28 18:07:57+00:00,21917,149784
36,1597285572699074560,elonmusk,Apple has mostly stopped advertising on Twitter. Do they hate free speech in America?,2022-11-28 17:45:31+00:00,66465,639774
37,1597280496525844481,elonmusk,https://t.co/9LwcH7iUmy,2022-11-28 17:25:21+00:00,16253,160173
38,1597183438779342849,elonmusk,https://t.co/r22bMdErLi,2022-11-28 10:59:40+00:00,17434,173821
39,1597170780130852864,elonmusk,https://t.co/KZ7jeME3AX,2022-11-28 10:09:22+00:00,52679,475205
40,1597165510595989504,elonmusk,My bedside table https://t.co/sIdRYJcLTK,2022-11-28 09:48:26+00:00,58202,892882
41,1597164398543777792,elonmusk,The amount of pro psy ops on Twitter is ridiculous! At least with new Verified they will pay $8 for the privilege haha.,2022-11-28 09:44:01+00:00,14822,186399
42,1597032623020249088,elonmusk,Twitter experienced slight degradation of service today from an old 3rd party tool used to block accounts that had‚Ä¶ https://t.co/r4bkf0azWa,2022-11-28 01:00:23+00:00,17268,242352
43,1596942103937921025,elonmusk,"Just a note to encourage people of different political or other views to engage in civil debate on Twitter. 

Worst‚Ä¶ https://t.co/IZSyMYtCD8",2022-11-27 19:00:41+00:00,29836,323649
44,1596718851097755648,elonmusk,Slides from my Twitter company talk https://t.co/8LLXrwylta,2022-11-27 04:13:34+00:00,24346,251891
45,1596716236477698048,elonmusk,"Starry, starry night ‚Ä¶ https://t.co/IN3SeOH7f7",2022-11-27 04:03:10+00:00,12958,161337
46,1596704250880720898,elonmusk,"Tesla team just completed a 500 mile drive with a Tesla Semi weighing in at 81,000 lbs!",2022-11-27 03:15:33+00:00,21794,370709
47,1596621001693200385,elonmusk,Follow World Cup on Twitter for best real-time coverage! https://t.co/9IfFSHbjl3,2022-11-26 21:44:45+00:00,12112,193124
48,1596611595794370562,elonmusk,RT @SpaceX: Falcon 9 launches Dragon to the @space_station https://t.co/yvh5C9U5AV,2022-11-26 21:07:22+00:00,7900,0
49,1596590805593964544,elonmusk,"RT @SpaceX: Dragon separation confirmed; autonomous docking to the @space_station on Sunday, November 27 at ~7:30 a.m. ET https://t.co/U8sN‚Ä¶",2022-11-26 19:44:45+00:00,2965,0
50,1596590790784188416,elonmusk,RT @SpaceX: Falcon 9‚Äôs first stage has landed on the Just Read the Instructions droneship https://t.co/SIVrDEYT9R,2022-11-26 19:44:42+00:00,3692,0
51,1596590767853928449,elonmusk,RT @SpaceX: Liftoff! https://t.co/FcVOep82eo,2022-11-26 19:44:36+00:00,4399,0
52,1596427779587080195,elonmusk,Simpson‚Äôs predicts I buy Twitter S26E12 https://t.co/yVmWGwrYY6,2022-11-26 08:56:57+00:00,20306,288277
53,1596072934665240576,elonmusk,What do you think of the culture war?,2022-11-25 09:26:55+00:00,17904,245104
54,1595956011210182656,elonmusk,Thanksgiving cuisine is such a delightful symphony of flavor!‚Ä¶ https://t.co/b61TpqqT5s,2022-11-25 01:42:19+00:00,13015,267022
55,1595842114268569603,elonmusk,"RT @Tesla: Happy Thanksgiving! 

Thanks to the Tesla team, owners and fans for helping us accelerate the world‚Äôs transition to sustainable‚Ä¶",2022-11-24 18:09:44+00:00,4326,0
56,1595684143429550080,elonmusk,"You might notice small, sometimes major, improvements in speed of Twitter. Will be especially significant in countries far away from USA.",2022-11-24 07:42:00+00:00,17070,258478
57,1595682322707267584,elonmusk,"Tesla Full Self-Driving Beta is now available to anyone in North America who requests it from the car screen, assum‚Ä¶ https://t.co/omKNN1N6b6",2022-11-24 07:34:46+00:00,13166,176008
58,1595630109116989440,elonmusk,Hate speech impressions down by 1/3 from pre-spike levels. Congrats to Twitter team! https://t.co/5BWaQoIlip,2022-11-24 04:07:18+00:00,21326,263407
59,1595594047493660677,elonmusk,"RT @TwitterBusiness: Stronger ROI for advertisers.
Relevant ads for everyone.

New Twitter solutions are now live üëá
https://t.co/9tWExprfZl",2022-11-24 01:44:00+00:00,2442,0
60,1595589549924970496,elonmusk,Have a great Thanksgiving! üá∫üá∏‚ô•Ô∏èüá∫üá∏,2022-11-24 01:26:07+00:00,41038,634187
61,1595535360863395842,elonmusk,Awesome new Twitter merch! https://t.co/zqdL9xGRuR,2022-11-23 21:50:48+00:00,47915,559661
62,1595505413113323520,elonmusk,"World Cup traffic hit almost 20,000 tweets per second today! Great work by Twitter team managing record usage.",2022-11-23 19:51:48+00:00,23230,358407
63,1595473875847942146,elonmusk,"Should Twitter offer a general amnesty to suspended accounts, provided that they have not broken the law or engaged in egregious spam?",2022-11-23 17:46:29+00:00,60314,267179
64,1595358165373112320,elonmusk,"More and more over time, as we hew closer to the truth, Twitter will earn the trust of the people",2022-11-23 10:06:41+00:00,32284,380486
65,1595339067452841984,elonmusk,What is best in life?,2022-11-23 08:50:48+00:00,18171,281405
66,1595290284136402944,elonmusk,RT @SpaceX: Deployment of Eutelsat 10B confirmed https://t.co/2TwjY8ObzS,2022-11-23 05:36:57+00:00,4004,0
67,1595251031641755649,elonmusk,RT @SpaceX: Liftoff! https://t.co/gTbH5zOKCq,2022-11-23 03:00:58+00:00,5560,0
68,1595250835096621057,elonmusk,Found in closet at Twitter HQ fr ü§£ü§£ https://t.co/3xSI3KvvHk,2022-11-23 03:00:12+00:00,90759,648332
69,1595209407310094336,elonmusk,RT @TeslaCharging: 40k Superchargers around the world ‚Äî and counting https://t.co/w6tShTkwPA,2022-11-23 00:15:34+00:00,3034,0
70,1595207476936413187,elonmusk,Wasn‚Äôt Twitter supposed to die by now or something ‚Ä¶ ?,2022-11-23 00:07:54+00:00,69950,982242
71,1594962397114023937,elonmusk,"Wait, if I Tweet does that count as work?",2022-11-22 07:54:03+00:00,33221,686065
72,1594866036708462593,elonmusk,The Tactics of Mistake,2022-11-22 01:31:08+00:00,9463,162466
73,1594865247323660290,elonmusk,"Twitter added 1.6M daily active users this past week, another all-time high https://t.co/Si3cRYnvyD",2022-11-22 01:28:00+00:00,31231,386079
74,1594861031670820864,elonmusk,"Holding off relaunch of Blue Verified until there is high confidence of stopping impersonation. 

Will probably use‚Ä¶ https://t.co/aAkZU5Aj9F",2022-11-22 01:11:15+00:00,15177,243181
75,1594835418117451776,elonmusk,Starlink now works for high latitudes https://t.co/Ngdh8CJbCJ,2022-11-21 23:29:28+00:00,6905,89546
76,1594828625232113664,elonmusk,Tesla Megapacks are highly effective in addressing electricity demand spikes that cause power outages https://t.co/V4n5c4ZvNH,2022-11-21 23:02:29+00:00,3488,43852
77,1594788419120824321,elonmusk,Experience: what you get when you didn‚Äôt get what you wanted - Igor,2022-11-21 20:22:43+00:00,16242,170384
78,1594773242626965505,elonmusk,Fanaticism is always a function of repressed doubt ‚Äì Dune,2022-11-21 19:22:25+00:00,10734,126402
79,1594757734267764774,elonmusk,"Hope all judgy hall monitors stay on other platforms ‚Äì please, I‚Äôm begging u",2022-11-21 18:20:47+00:00,25727,362016
80,1594751560147312641,elonmusk,Twitter is fun üöÄ üí´ ‚ô•Ô∏è,2022-11-21 17:56:15+00:00,44176,618334
81,1594509880840388610,elonmusk,Our love will never die https://t.co/y5SldfAAt0,2022-11-21 01:55:54+00:00,36159,481658
82,1594500655724609536,elonmusk,And lead us not into temptation ‚Ä¶ https://t.co/8qNOXzwXS9,2022-11-21 01:19:15+00:00,93989,1099272
83,1594455929256349697,elonmusk,"World Cup Qatar 2022: Opening Ceremony
https://t.co/TjSSitY7fK",2022-11-20 22:21:31+00:00,13938,131885
84,1594339820792430601,elonmusk,World Cup starts soon! Follow on Twitter for best coverage by far.,2022-11-20 14:40:09+00:00,32030,495570
85,1594191387519373313,elonmusk,Twitter is ALIVE,2022-11-20 04:50:20+00:00,115323,1453104
86,1594165854605758466,elonmusk,RT @Tesla: Inside Tesla exhibit at Petersen Automotive Museum opens tomorrow https://t.co/qU3IickfBw,2022-11-20 03:08:52+00:00,5965,0
87,1594150582599589888,elonmusk,RT @TrungTPhan: Twitter servers right now https://t.co/f65xDOb981,2022-11-20 02:08:11+00:00,21291,0
88,1594131768298315777,elonmusk,"The people have spoken. 

Trump will be reinstated.

Vox Populi, Vox Dei. https://t.co/jmkhFuyfkv",2022-11-20 00:53:25+00:00,128322,964685
89,1594078009954570240,elonmusk,The most entertaining outcome is the most likely ‚Äì my variant on Occam‚Äôs Razor,2022-11-19 21:19:48+00:00,10600,173914
90,1593958104365993986,elonmusk,Fascinating to watch Twitter Trump poll!,2022-11-19 13:23:21+00:00,24246,457503
91,1593901355667582976,elonmusk,Tesla FSD 10.69.3.1 going to wide release now,2022-11-19 09:37:51+00:00,6812,120288
92,1593899029531803649,elonmusk,Just leaving Twitter HQ code review https://t.co/pYcXRTJm14,2022-11-19 09:28:36+00:00,36973,464238
93,1593893237873201152,elonmusk,Trump poll getting ~1M votes/hour!,2022-11-19 09:05:35+00:00,37798,618520
94,1593767953706921985,elonmusk,Reinstate former President Trump,2022-11-19 00:47:45+00:00,231071,839419
95,1593727662228283393,elonmusk,First World Cup match on Sunday! Watch on Twitter for best coverage &amp; real-time commentary.,2022-11-18 22:07:39+00:00,54861,617266
96,1593673339826212864,elonmusk,"New Twitter policy is freedom of speech, but not freedom of reach.

Negative/hate tweets will be max deboosted &amp; de‚Ä¶ https://t.co/tZoc0Nkr9z",2022-11-18 18:31:47+00:00,42581,415629
97,1593670880676020224,elonmusk,Freedom Fridays ‚Ä¶,2022-11-18 18:22:01+00:00,24283,384542
98,1593659832552153093,elonmusk,What should Twitter do next?,2022-11-18 17:38:07+00:00,32312,516544
99,1593624195136487426,elonmusk,https://t.co/OjhQJvruTy,2022-11-18 15:16:30+00:00,100475,792997
100,1593494261038649344,elonmusk,https://t.co/JU073T756X,2022-11-18 06:40:12+00:00,23576,342750
101,1593459801966538755,elonmusk,https://t.co/rbwbsLA1ZG,2022-11-18 04:23:16+00:00,234999,2136677
102,1593459039257563136,elonmusk,üè¥‚Äç‚ò†Ô∏è,2022-11-18 04:20:14+00:00,34716,541148
103,1593455727611215872,elonmusk,And ‚Ä¶ we just hit another all-time high in Twitter usage lol,2022-11-18 04:07:05+00:00,47012,721348
104,1593415171149791232,elonmusk,"How do you make a small fortune in social media?

Start out with a large one.",2022-11-18 01:25:55+00:00,26472,458958
105,1593264249731620864,elonmusk,Twitter is like open-sourcing the news,2022-11-17 15:26:13+00:00,31649,402353
106,1593160857588232192,elonmusk,Coverage of FTX meltdown is incomparably faster *and* better quality on Twitter than old-school media,2022-11-17 08:35:22+00:00,28498,316097
107,1592962254382604288,elonmusk,RT @Tesla: Model S received the highest overall score from Euro NCAP among any vehicle tested under the current protocol¬†‚Üí https://t.co/dTd‚Ä¶,2022-11-16 19:26:11+00:00,4151,0
108,1592771551111577600,elonmusk,"RT @NASA: LIVE NOW: The #Artemis era of exploration begins today with @NASAArtemis I, the first integrated test flight of the rocket and sp‚Ä¶",2022-11-16 06:48:24+00:00,11860,0
109,1592734699578761219,elonmusk,RT @Tesla: https://t.co/2Ylnmh97Oz,2022-11-16 04:21:58+00:00,9881,0
110,1592658210917609472,elonmusk,Punting relaunch of Blue Verified to November 29th to make sure that it is rock solid,2022-11-15 23:18:02+00:00,15068,224448
111,1592618665933156352,elonmusk,Welcoming back Ligma &amp; Johnson! https://t.co/LEhXV95Njj,2022-11-15 20:40:54+00:00,48685,762369
112,1592447141720780803,elonmusk,Twitter is All the News,2022-11-15 09:19:19+00:00,30937,426742
113,1592254111088771072,elonmusk,S√¨√¨! https://t.co/Gj1wHytJxk,2022-11-14 20:32:17+00:00,3159,42311
114,1592228299337760768,elonmusk,Recent trend is promising https://t.co/0q7UdxSkbM,2022-11-14 18:49:43+00:00,8327,133524
115,1591853644944932865,elonmusk,"Btw, I‚Äôd like to apologize for Twitter being super slow in many countries. App is doing &gt;1000 poorly batched RPCs j‚Ä¶ https://t.co/GBcu3pBTIw",2022-11-13 18:00:58+00:00,11131,174664
116,1591851391773200384,elonmusk,"Rolling out soon, Twitter will enable organizations to identify which other Twitter accounts are actually associated with them",2022-11-13 17:52:01+00:00,17633,232834
117,1591842546216763399,elonmusk,Twitter feels increasingly alive,2022-11-13 17:16:52+00:00,34811,566283
118,1591574318022299649,elonmusk,Order at https://t.co/Q1VvqV5G0i! https://t.co/Ehca6KRk3v,2022-11-12 23:31:02+00:00,6223,76686
119,1591487015845076996,elonmusk,RT @Tesla: Join our growing team installing Solar + Powerwall across the US ‚Üí https://t.co/BMlhHBbAJn https://t.co/mVupmqcjiK,2022-11-12 17:44:07+00:00,3279,0
120,1591487006508736512,elonmusk,"RT @TeslaSolar: Tesla solar and Powerwall can power your home &amp; reduce your dependence on the grid ‚Äì at the lowest price in the US ‚Üí
https:‚Ä¶",2022-11-12 17:44:05+00:00,2934,0
121,1591486248384102400,elonmusk,RT @SpaceX: Deployment of @Intelsat Galaxy 31 confirmed https://t.co/OmnFr0GUdy,2022-11-12 17:41:04+00:00,3452,0
122,1591486131430121472,elonmusk,RT @SpaceX: Liftoff! https://t.co/u2frCG8Jji,2022-11-12 17:40:36+00:00,4698,0
123,1591334141140045824,elonmusk,ü™¶ü§ñ,2022-11-12 07:36:39+00:00,28638,444176
124,1591326005272141826,elonmusk,Twitter is,2022-11-12 07:04:19+00:00,12146,100746
125,1591313397362352130,elonmusk,FTX meltdown/ransack being tracked in real-time on Twitter,2022-11-12 06:14:13+00:00,19678,218625
126,1591137416420945920,elonmusk,RT @SpaceX: Happy Veterans Day to all those who have served! https://t.co/81iK9DBhKj,2022-11-11 18:34:56+00:00,7815,0
127,1591132793698136064,elonmusk,"RT @TeslaCharging: In pursuit of our mission, today we are opening up our EV connector design ‚Üí

https://t.co/HTk7Si9XZy https://t.co/vMKts‚Ä¶",2022-11-11 18:16:34+00:00,3305,0
128,1591121142961799168,elonmusk,"As Twitter pursues the goal of elevating citizen journalism, media elite will try everything to stop that from happening",2022-11-11 17:30:16+00:00,50303,383875
129,1591102135613390850,elonmusk,Twitter HQ is great (this is a real pic) https://t.co/EiAXAF0CaE‚Ä¶ https://t.co/EiAXAF0CaE,2022-11-11 16:14:45+00:00,12891,173136
130,1590970255064854529,elonmusk,Quite the day!,2022-11-11 07:30:42+00:00,10311,217224
131,1590884973535711232,elonmusk,"Going forward, accounts engaged in parody must include ‚Äúparody‚Äù in their name, not just in bio",2022-11-11 01:51:49+00:00,28769,358332
132,1590785323105423360,elonmusk,Usage of Twitter continues to rise. One thing is for sure: it isn‚Äôt boring!,2022-11-10 19:15:51+00:00,29534,443339
133,1590755506112823296,elonmusk,I love when people complain about Twitter ‚Ä¶ on Twitter ü§£ü§£,2022-11-10 17:17:22+00:00,108845,1328511
134,1590746581426663424,elonmusk,https://t.co/FxdcXa1I7i,2022-11-10 16:41:54+00:00,19804,323726
135,1590612193590259712,elonmusk,Are you seeing far fewer bots/scams/spam?,2022-11-10 07:47:53+00:00,9104,82957
136,1590418042353512448,elonmusk,RT @robinw: https://t.co/05QY6u4FSD,2022-11-09 18:56:24+00:00,3205,0
137,1590384919829962752,elonmusk,"Please note that Twitter will do lots of dumb things in coming months. 

We will keep what works &amp; change what doesn‚Äôt.",2022-11-09 16:44:47+00:00,40221,536303
138,1590383937284870145,elonmusk,Complaint hotline operator online! Please mention your complaints below.,2022-11-09 16:40:53+00:00,25248,369266
139,1590004271625691136,elonmusk,"Twitter is the worst!
But also the best.",2022-11-08 15:32:13+00:00,46354,647910
140,1589791846737522688,elonmusk,https://t.co/3t5ahItE5z,2022-11-08 01:28:07+00:00,48383,688412
141,1589784134691741696,elonmusk,Twitter usage is at an all-time high lol,2022-11-08 00:57:29+00:00,46549,711408
142,1589722050998210561,elonmusk,"To be clear, my historical party affiliation has been Independent, with an actual voting history of entirely Democrat until this year",2022-11-07 20:50:47+00:00,27884,368970
143,1589657032994750464,elonmusk,"RT @Tesla: Meet Megafactory, our new Megapack factory in Lathrop, CA üîãüîãüîã https://t.co/aw85eHECXI",2022-11-07 16:32:25+00:00,5208,0
144,1589657015575773185,elonmusk,RT @Tesla: View all destination chargers ‚Üí https://t.co/lqJMwQTuvH,2022-11-07 16:32:21+00:00,1860,0
145,1589639376186724354,elonmusk,"To independent-minded voters:

Shared power curbs the worst excesses of both parties, therefore I recommend voting‚Ä¶ https://t.co/eoF1ahHtxj",2022-11-07 15:22:16+00:00,58469,414502
146,1589631946644414467,elonmusk,How times have changed https://t.co/gCxUkZ4kZC,2022-11-07 14:52:44+00:00,25754,340054
147,1589609169333948418,elonmusk,"Twitter rules will evolve over time, but they‚Äôre currently the following: https://t.co/Ut1tXuefso",2022-11-07 13:22:14+00:00,15218,104989
148,1589414958508691456,elonmusk,"My commitment to free speech extends even to not banning the account following my plane, even though that is a direct personal safety risk",2022-11-07 00:30:30+00:00,28951,397514
149,1589413653190938624,elonmusk,Twitter needs to become by far the most accurate source of information about the world. That‚Äôs our mission.,2022-11-07 00:25:19+00:00,69903,763156
150,1589403131770974208,elonmusk,Widespread verification will democratize journalism &amp; empower the voice of the people,2022-11-06 23:43:30+00:00,27431,299233
151,1589390597798125568,elonmusk,"Going forward, any Twitter handles engaging in impersonation without clearly specifying ‚Äúparody‚Äù will be permanently suspended",2022-11-06 22:53:42+00:00,68386,648923
152,1589022495189127169,elonmusk,Search within Twitter reminds me of Infoseek in ‚Äò98! That will also get a lot better pronto.,2022-11-05 22:31:00+00:00,15880,263763
153,1589018654162972673,elonmusk,RT @Tesla: Design &amp; manufacture actuators for our Optimus robot! https://t.co/UVFZAF0Roy,2022-11-05 22:15:44+00:00,2476,0
154,1589009644114284544,elonmusk,"Twitter will soon add ability to attach long-form text to tweets, ending absurdity of notepad screenshots",2022-11-05 21:39:56+00:00,50121,604528
155,1588992081308962816,elonmusk,This rocks https://t.co/sB1sL0Hdrv,2022-11-05 20:30:08+00:00,13273,231286
156,1588945917217951746,elonmusk,https://t.co/4UQlClBSct,2022-11-05 17:26:42+00:00,12827,151424
157,1588750686006947840,elonmusk,"Trash me all day, but it‚Äôll cost $8",2022-11-05 04:30:55+00:00,95742,1364114
158,1588739131815112704,elonmusk,‚ö°Ô∏è‚ö°Ô∏è‚ö°Ô∏è Power to the People ‚ö°Ô∏è‚ö°Ô∏è‚ö°Ô∏è,2022-11-05 03:45:01+00:00,68547,715680
159,1588722833148252160,elonmusk,RT @boringcompany: Full-scale Hyperloop Testing has begun https://t.co/cDUD1PEfkD,2022-11-05 02:40:15+00:00,4902,0
160,1588671155766194176,elonmusk,"Regarding Twitter‚Äôs reduction in force, unfortunately there is no choice when the company is losing over $4M/day.‚Ä¶ https://t.co/beSHf4nXgF",2022-11-04 23:14:54+00:00,46057,517741
161,1588666105023041536,elonmusk,"Again, to be crystal clear, Twitter‚Äôs strong commitment to content moderation remains absolutely unchanged.

In fac‚Ä¶ https://t.co/gSCKbG9v0U",2022-11-04 22:54:50+00:00,25762,289898
162,1588661987701313537,elonmusk,Excellent summary of Twitter‚Äôs Trust &amp; Safety from the head of the team https://t.co/sJ1MBf9Mub,2022-11-04 22:38:28+00:00,4599,53677
163,1588639565426089984,elonmusk,RT @SpaceX: Life at Starbase https://t.co/tYfYRLRQjU https://t.co/gmYHM4y3GR,2022-11-04 21:09:22+00:00,7883,0
164,1588538640401018880,elonmusk,"Twitter has had a massive drop in revenue, due to activist groups pressuring advertisers, even though nothing has c‚Ä¶ https://t.co/HU3dBUszCg",2022-11-04 14:28:20+00:00,90826,700061
165,1588398244488368128,elonmusk,Tiny talk is talk so small it feels like it‚Äôs coming from your own mind,2022-11-04 05:10:27+00:00,10265,163800
166,1588391903636357122,elonmusk,Why is small talk even legal!?,2022-11-04 04:45:15+00:00,40025,478298
167,1588087419059916802,elonmusk,A neuron doesn‚Äôt realize it‚Äôs a neuron,2022-11-03 08:35:20+00:00,20545,359181
168,1588081971221053440,elonmusk,"Because it consists of billions of bidirectional interactions per day, Twitter can be thought of as a collective, c‚Ä¶ https://t.co/UORYe5J8vm",2022-11-03 08:13:41+00:00,15077,218445
169,1588065650387210240,elonmusk,RT @DavidSacks: The entitled elite is not mad that they have to pay $8/month. They‚Äôre mad that anyone can pay $8/month.,2022-11-03 07:08:50+00:00,30488,0
170,1588060509302972421,elonmusk,üéØ https://t.co/W55sUbxYed,2022-11-03 06:48:24+00:00,12834,165708
171,1588049737894088704,elonmusk,RT @SpaceX: Deployment of Eutelsat HOTBIRD 13G confirmed https://t.co/gq1HiV6HLE,2022-11-03 06:05:36+00:00,3961,0
172,1587923502354472960,elonmusk,ü§î https://t.co/XuJdfMTTi1,2022-11-02 21:43:59+00:00,35517,449390
173,1587913672801759234,elonmusk,https://t.co/BYOBGBHOUA,2022-11-02 21:04:56+00:00,37140,461806
174,1587899771091566595,elonmusk,Advertisers should support:,2022-11-02 20:09:41+00:00,30281,178247
175,1587894226695884800,elonmusk,https://t.co/kGncG7Hs3M,2022-11-02 19:47:39+00:00,179265,1885923
176,1587877870860484610,elonmusk,Twitter is simply the most interesting place on the Internet. That‚Äôs why you‚Äôre reading this tweet right now.,2022-11-02 18:42:40+00:00,44125,621417
177,1587873929443565572,elonmusk,Being attacked by both right &amp; left simultaneously is a good sign,2022-11-02 18:27:00+00:00,46511,759973
178,1587853401014034435,elonmusk,you get what you pay for,2022-11-02 17:05:26+00:00,50818,755004
179,1587631360025542656,elonmusk,Twitter speaks to the inner masochist in all of us,2022-11-02 02:23:07+00:00,16331,232710
180,1587627120355934208,elonmusk,"To all complainers, please continue complaining, but it will cost $8",2022-11-02 02:06:16+00:00,85807,1102007
181,1587624757364760576,elonmusk,RT @yoyoel: We‚Äôre staying vigilant against attempts to manipulate conversations about the 2022 US midterms. Read on for independent analysi‚Ä¶,2022-11-02 01:56:53+00:00,2218,0
182,1587553306901184512,elonmusk,"RT @Stuck4ger: Wow that was amazing, @SpaceX #FalconHeavy https://t.co/Y0ozNxUtun",2022-11-01 21:12:58+00:00,18994,0
183,1587523701452464131,elonmusk,https://t.co/icg6e35LOe,2022-11-01 19:15:19+00:00,29581,506645
184,1587498907336118274,elonmusk,"Twitter‚Äôs current lords &amp; peasants system for who has or doesn‚Äôt have a blue checkmark is bullshit. 

Power to the‚Ä¶ https://t.co/k02ALYVvAu",2022-11-01 17:36:48+00:00,67875,607879
185,1587495390869422084,elonmusk,"RT @SpaceX: Falcon Heavy launches USSF-44 to orbit, and its two side boosters return to Earth ‚Äì SpaceX's 50th mission of 2022 https://t.co/‚Ä¶",2022-11-01 17:22:50+00:00,5007,0
186,1587442891894538240,elonmusk,Sonic BOOMS!! https://t.co/6n5OxFc0Dy,2022-11-01 13:54:13+00:00,11555,145277
187,1587433105811722240,elonmusk,Falcon Heavy launch in ~30 mins https://t.co/Bluay8q80F,2022-11-01 13:15:20+00:00,3580,53814
188,1587297730631696384,elonmusk,üòâ https://t.co/eaIYaDRBnu,2022-11-01 04:17:24+00:00,72657,1012809
189,1587297137099931649,elonmusk,Halloween with my Mom https://t.co/xOAgNeeiNN,2022-11-01 04:15:02+00:00,48533,1123246
190,1587286170450464770,elonmusk,"RT @Tesla: Happy Halloween üéÉ 

üé• transformerskids on Instagram https://t.co/dm8NlTTzg4",2022-11-01 03:31:28+00:00,9469,0
191,1587204327873060865,elonmusk,RT @SpaceX: Falcon Heavy rolling up the ramp ahead of tomorrow‚Äôs targeted launch of the USSF-44 mission; weather is 90% favorable for lifto‚Ä¶,2022-10-31 22:06:15+00:00,4914,0
192,1587129795732770824,elonmusk,"If I had a dollar for every time someone asked me if Trump is coming back on this platform, Twitter would be minting money!",2022-10-31 17:10:05+00:00,59286,949279
193,1586918804780630016,elonmusk,Bring back Vine?,2022-10-31 03:11:41+00:00,27300,249494
194,1586885887341645824,elonmusk,"Wachtell &amp; Twitter board deliberately hid this evidence from the court. Stay tuned, more to come ‚Ä¶ https://t.co/CifaNvtRtt",2022-10-31 01:00:53+00:00,45475,287632
195,1586871691686223872,elonmusk,This is fake ‚Äì I did *not* tweet out a link to The New York Times! https://t.co/d6V6m5ATW2,2022-10-31 00:04:28+00:00,75066,693705
196,1586703490650284032,elonmusk,RT @Tesla: 20k Model Y built at Giga Texas to date! https://t.co/8Rl5ZqgqQq,2022-10-30 12:56:06+00:00,4954,0
197,1586680643831836677,elonmusk,"Just received this email from Twitter. This is an actual, real email that was autogenerated ü§£ü§£ https://t.co/7DQp4sNINX",2022-10-30 11:25:19+00:00,37271,528405
198,1586411481574166528,elonmusk,"Finally, the truth that carbs are amazing can be said on this platform! 
#FreeSpeech",2022-10-29 17:35:45+00:00,52400,685191
199,1586410852646674432,elonmusk,Fresh baked bread &amp; pastries are some of the great joys of life,2022-10-29 17:33:16+00:00,33083,526814
200,1586149451348910081,elonmusk,"To be super clear, we have not yet made any changes to Twitter‚Äôs content moderation policies https://t.co/k4guTsXOIu",2022-10-29 00:14:33+00:00,21989,247411
201,1586108809772089345,elonmusk,Ligma Johnson had it coming üçÜ üí¶ https://t.co/CgjrOV5eM2,2022-10-28 21:33:03+00:00,62605,666870
202,1586104694421659648,elonmusk,Comedy is now legal on Twitter,2022-10-28 21:16:42+00:00,253949,2379855
203,1586101267981426689,elonmusk,"RT @Tesla: Solar + Powerwall ensures you never lose power, even if the grid goes down

üé• @jeremyjudkins_ https://t.co/rZXpyTtnmb",2022-10-28 21:03:05+00:00,6330,0
204,1586059953311137792,elonmusk,"Twitter will be forming a content moderation council with widely diverse viewpoints. 

No major content decisions o‚Ä¶ https://t.co/GOOTQOLYdq",2022-10-28 18:18:55+00:00,57613,610121
205,1585966869122457600,elonmusk,üé∂ let the good times roll üé∂,2022-10-28 12:09:02+00:00,88945,987365
206,1585841080431321088,elonmusk,the bird is freed,2022-10-28 03:49:11+00:00,352878,2479465
207,1585811291851018241,elonmusk,Falcon rockets to orbit as seen from LA https://t.co/r8L2SbLC3p,2022-10-28 01:50:49+00:00,33131,451054
208,1585804896841846785,elonmusk,RT @SpaceX: Falcon 9‚Äôs first stage has landed on the Of Course I Still Love You droneship https://t.co/bIFlERy14S,2022-10-28 01:25:24+00:00,7017,0
209,1585804876851789824,elonmusk,RT @SpaceX: Liftoff! https://t.co/B0Il6HsYBS,2022-10-28 01:25:20+00:00,6580,0
210,1585804859776782336,elonmusk,RT @SpaceX: Watch Falcon 9 launch 53 Starlink satellites ‚Üí https://t.co/8tB1syjlld https://t.co/94NWd45BqP,2022-10-28 01:25:16+00:00,3058,0
211,1585669811442286597,elonmusk,"RT @WalterIsaacson: At Twitter headquarters‚Äô coffee bar, ‚Å¶@elonmusk‚Å© https://t.co/vy5Cw7zttf",2022-10-27 16:28:38+00:00,21649,0
212,1585619322239561728,elonmusk,Dear Twitter Advertisers https://t.co/GMwHmInPAS,2022-10-27 13:08:00+00:00,110829,745995
213,1585341984679469056,elonmusk,Entering Twitter HQ ‚Äì let that sink in! https://t.co/D68z4K2wq7,2022-10-26 18:45:58+00:00,184101,1392204
214,1585292083610279936,elonmusk,A beautiful thing about Twitter is how it empowers citizen journalism ‚Äì people are able to disseminate news without an establishment bias,2022-10-26 15:27:40+00:00,46829,379431
215,1585282193999265793,elonmusk,"‚ÄúThe New York Times has emerged as a new, chaotic actor in global politics. The paper‚Äôs interventions in some of th‚Ä¶ https://t.co/8tYloh5duT",2022-10-26 14:48:22+00:00,13020,131422
216,1585050236120027137,elonmusk,Works on any moving land object https://t.co/Xu4qKJW4D9,2022-10-25 23:26:39+00:00,4412,56222
217,1584764977457397760,elonmusk,What lesson took you the longest to unlearn?,2022-10-25 04:33:08+00:00,12547,161179
218,1584717774261489665,elonmusk,Œ¥ŒπŒ±ŒªŒµŒ∫œÑŒπŒ∫ŒÆ,2022-10-25 01:25:34+00:00,7420,104264
219,1584608031777902593,elonmusk,RT @SpaceX: Starlink is now available in Jamaica ‚Üí https://t.co/slZbTmHdml,2022-10-24 18:09:30+00:00,2330,0
220,1584319362294775808,elonmusk,RT @SpaceX: Falcon Heavy in the hangar at Launch Complex 39A https://t.co/Ul1Ti8e8qH,2022-10-23 23:02:25+00:00,5080,0
221,1584174386998697985,elonmusk,Think about who might have decided ‚ÄúThe Current Thing‚Äù before accepting it,2022-10-23 13:26:21+00:00,12910,121677
222,1584173256415723521,elonmusk,"Who decides ‚ÄúThe Current Thing?‚Äù
Real question. I don‚Äôt know.",2022-10-23 13:21:51+00:00,9352,123210
223,1584157532209090560,elonmusk,Neuralink show &amp; tell now on Nov 30,2022-10-23 12:19:22+00:00,5135,66709
224,1583978878305173505,elonmusk,"i know
|nothing|
is forever",2022-10-23 00:29:28+00:00,22912,216135
225,1583927287690317824,elonmusk,RT @historyinmemes: How the borders have changed over time https://t.co/Rs8RmTpRw1,2022-10-22 21:04:27+00:00,26556,0
226,1583587687910453250,elonmusk,RT @SpaceX: Launch and catch tower stacking Starship at Starbase https://t.co/KOpX8tZMHh,2022-10-21 22:35:01+00:00,5557,0
227,1583575374730244097,elonmusk,RT @Tesla: Vote for new Supercharger locations ‚Üí https://t.co/bjNaL3DErN,2022-10-21 21:46:05+00:00,2291,0
228,1583575166655016960,elonmusk,"RT @Tesla: Our most advanced paint system yet, allowing up to 13 layers for depth, dimension &amp; a hand-painted look https://t.co/UXoZwC281m",2022-10-21 21:45:15+00:00,1556,0
229,1583345981906571264,elonmusk,"Only Giga Berlin can make these colors, as paint shop was specially built to apply many fine layers of paint, givin‚Ä¶ https://t.co/Dx702XerCN",2022-10-21 06:34:33+00:00,3032,45755
230,1583337670075289600,elonmusk,RT @Tesla: https://t.co/CqbkkORG70,2022-10-21 06:01:32+00:00,2653,0
231,1583299870370467840,elonmusk,https://t.co/WqGm6InNTp,2022-10-21 03:31:20+00:00,25384,242972
232,1583133885696987136,elonmusk,Congrats to @SpaceX team on 48th launch this year! Falcon 9 now holds record for most launches of a single vehicle type in a year.,2022-10-20 16:31:46+00:00,5516,78618
233,1583127243844222979,elonmusk,RT @SpaceX: Deployment of 54 Starlink satellites confirmed,2022-10-20 16:05:22+00:00,2145,0
234,1582902627745943552,elonmusk,"RT @Tesla: 10 years of Supercharging.

46 countries.
35k+ stalls.
20 billion miles charged.

üöò‚ö°Ô∏è https://t.co/m3H2Hry719",2022-10-20 01:12:50+00:00,4378,0
235,1582825479807340545,elonmusk,RT @Tesla: Q3 Earnings Call ‚Üí https://t.co/shRnZSNR4C,2022-10-19 20:06:16+00:00,1699,0
236,1582825452556537857,elonmusk,RT @Tesla: Tesla Semi deliveries are scheduled to begin in December 2022 https://t.co/vCgifQ0HED,2022-10-19 20:06:10+00:00,3174,0
237,1582805523484680192,elonmusk,"I will not let you down, no matter what it takes",2022-10-19 18:46:58+00:00,35568,404268
238,1582778449583693836,elonmusk,Vox Populi Vox Dei,2022-10-19 16:59:23+00:00,5643,54536
239,1582576552797081607,elonmusk,Internet in airplanes will feel same as if you were accessing Internet at home! https://t.co/Mfl2ixYnJH,2022-10-19 03:37:07+00:00,8221,100625
240,1582547658039623680,elonmusk,"28,700 bottles of exquisite Burnt Hair perfume already sold! 

Only 1,300 left of this unique, limited edition, col‚Ä¶ https://t.co/idQAnlrfs0",2022-10-19 01:42:18+00:00,3374,47150
241,1582519649081573377,elonmusk,RT @SpaceX: SpaceX‚Äôs Rideshare program‚Äôs redesigned payload configuration offers more opportunities for smallsat providers to catch a ride‚Ä¶,2022-10-18 23:51:00+00:00,1608,0
242,1582379931983499264,elonmusk,"Drone War I
https://t.co/erVME0CbbN",2022-10-18 14:35:49+00:00,5273,55961
243,1581986552246603776,elonmusk,Exceptionally well-said https://t.co/UT8fXG0MeF,2022-10-17 12:32:40+00:00,8259,59509
244,1581901615552155648,elonmusk,Are there others that want to donate Starlinks to places in need? https://t.co/M0ASMenMRD,2022-10-17 06:55:10+00:00,5403,63567
245,1581764872702132224,elonmusk,Deus X Machina,2022-10-16 21:51:48+00:00,4124,66651
246,1581652738768654338,elonmusk,So true https://t.co/PwmxUVU2Fc,2022-10-16 14:26:13+00:00,22234,242973
247,1581514716890865664,elonmusk,Fancy a game of meme tennis? https://t.co/d9tqIlg7nB,2022-10-16 05:17:46+00:00,2977,46605
248,1581508126595244032,elonmusk,Did you hear about the dyslexic KBG agent ‚Äì it‚Äôs pot secret!,2022-10-16 04:51:35+00:00,5031,93954
249,1581490395149926404,elonmusk,"Pitching my idea once again for a crossover of Das Boot &amp; Boss Baby.

‚ÄúDas Baby‚Äù ‚Äì Hijinks on the high seas! https://t.co/FieRmSthp2",2022-10-16 03:41:07+00:00,2059,32567
250,1581345747777179651,elonmusk,"The hell with it ‚Ä¶ even though Starlink is still losing money &amp; other companies are getting billions of taxpayer $,‚Ä¶ https://t.co/ZHRWMLxio3",2022-10-15 18:06:20+00:00,38746,509571
251,1581165911196635136,elonmusk,RT @SpaceX: Deployment of Eutelsat HOTBIRD 13F confirmed https://t.co/R2t3PuOl8e,2022-10-15 06:11:44+00:00,2346,0
252,1581165896017797120,elonmusk,RT @SpaceX: Falcon 9‚Äôs first stage has landed on the Just Read the Instructions droneship https://t.co/R4X0ClHlXk,2022-10-15 06:11:40+00:00,2047,0
253,1581165882105270272,elonmusk,RT @SpaceX: Liftoff! https://t.co/2aK8VZGm3l,2022-10-15 06:11:37+00:00,2279,0
254,1581026283303362560,elonmusk,Yay!! https://t.co/lviRHDJZRB,2022-10-14 20:56:54+00:00,2910,25544
255,1581026134103556096,elonmusk,RT @SpaceX: Main parachutes have deployed https://t.co/VctlKDAraT,2022-10-14 20:56:19+00:00,2430,0
256,1580957505408372736,elonmusk,RT @SpaceX: Dragon separation confirmed! https://t.co/ruXyCerM07,2022-10-14 16:23:36+00:00,2068,0
257,1580390454130266112,elonmusk,"20,000!!",2022-10-13 02:50:21+00:00,8972,192811
258,1580350143445942272,elonmusk,https://t.co/WLVh5zBiO5,2022-10-13 00:10:10+00:00,19472,303697
259,1580342478875791360,elonmusk,RT @SpaceX: Dennis and Akiko Tito are the first two crewmembers on Starship‚Äôs second commercial spaceflight around the Moon ‚Üí https://t.co/‚Ä¶,2022-10-12 23:39:42+00:00,1589,0
260,1580312743563104256,elonmusk,"We might need a different name, as this is basically just Starlink with roaming capability, so you can take your te‚Ä¶ https://t.co/Y2YLtDYTgZ",2022-10-12 21:41:33+00:00,2037,26813
261,1580304724082843648,elonmusk,"Please buy my perfume, so I can buy Twitter",2022-10-12 21:09:41+00:00,42443,581021
262,1580065450637262850,elonmusk,RT @SpaceX: Starship 24 and Booster 7 fully stacked on the orbital launch pad at Starbase https://t.co/1VKn6juQor,2022-10-12 05:18:54+00:00,5917,0
263,1580056291082280960,elonmusk,"10,000 bottles of Burnt Hair sold!",2022-10-12 04:42:30+00:00,3889,79310
264,1580024893131100160,elonmusk,RT @SpaceX: View from the droneship of Falcon 9‚Äôs launch and landing https://t.co/5yYvT9bNcL,2022-10-12 02:37:44+00:00,11426,0
265,1579994860802932736,elonmusk,Over 5000 bottles of Burnt Hair sold!,2022-10-12 00:38:24+00:00,3235,65925
266,1579974961267060738,elonmusk,https://t.co/WDtHXqgUPx,2022-10-11 23:19:19+00:00,29628,241156
267,1579974298156306432,elonmusk,"With a name like mine, getting into the fragrance business was inevitable ‚Äì why did I even fight it for so long!?",2022-10-11 23:16:41+00:00,11798,229319
268,1579971705447256064,elonmusk,"The finest fragrance on Earth!
https://t.co/ohjWxNX5ZC https://t.co/0J1lmREOBS",2022-10-11 23:06:23+00:00,11558,128619
269,1579938196095655936,elonmusk,Maybe one day we can finally achieve https://t.co/jKBu2wJIDA,2022-10-11 20:53:14+00:00,10868,156104
270,1579934616429158400,elonmusk,https://t.co/Q31B9x4RCH,2022-10-11 20:39:00+00:00,5064,68552
271,1579587742325149696,elonmusk,RT @SpaceX: Starlink „ÅåÊó•Êú¨„Åß„ÅÆ„Çµ„Éº„Éì„Çπ„ÇíÈñãÂßã„Åó„Åæ„Åó„Åü Ôºç „Ç¢„Ç∏„Ç¢„Åß„ÅØÂàù„ÇÅ„Å¶„ÅÆ„Çµ„Éº„Éì„ÇπÂõΩ„Åß„Åô ‚Üí https://t.co/slZbTmHdml,2022-10-10 21:40:39+00:00,7008,0
272,1579114131155623936,elonmusk,Coming soon from The @BoringCompany https://t.co/cNIbFRRXyt,2022-10-09 14:18:42+00:00,4173,66051
273,1579099265401778176,elonmusk,An eye for an eye leaves everyone blind https://t.co/pQztPvR4uI,2022-10-09 13:19:37+00:00,10437,96179
274,1579067179659845633,elonmusk,https://t.co/VvGa39qAyE,2022-10-09 11:12:07+00:00,7287,102620
275,1578892408787734530,elonmusk,RT @SpaceX: Falcon 9‚Äôs first stage has landed on the A Shortfall of Gravitas droneship - the 14th launch and landing of this booster! https‚Ä¶,2022-10-08 23:37:39+00:00,3261,0
276,1578387441332928513,elonmusk,"In case you missed Tesla AI Day 2022
https://t.co/Sbu0peXpY1",2022-10-07 14:11:05+00:00,3030,41993
277,1578277238465712128,elonmusk,SpaceX Dragon docking with @Space_Station (extended video) https://t.co/AFBDKHddgI,2022-10-07 06:53:11+00:00,6258,57083
278,1578170980283076608,elonmusk,Excited to announce start of production of Tesla Semi Truck with deliveries to @Pepsi on Dec 1st! https://t.co/gq0l73iGRW,2022-10-06 23:50:57+00:00,30082,361697
279,1578162273918803968,elonmusk,RT @Space_Station: The station now has 11 crew members with the arrival of the four @SpaceX #Crew5 members today. They'll work in space con‚Ä¶,2022-10-06 23:16:21+00:00,3816,0
280,1578055594573004800,elonmusk,Starlink view of 2nd stage deorbit burn https://t.co/kbLv95bAK7,2022-10-06 16:12:27+00:00,4932,77488
281,1577880686282919937,elonmusk,War is the ultimate Supreme Court,2022-10-06 04:37:25+00:00,18157,216135
282,1577831304711774210,elonmusk,"Another batch of Starlinks in orbit, 7 hours after the astronaut launch https://t.co/mQshEY16RP",2022-10-06 01:21:12+00:00,3071,41547
283,1577660636208693251,elonmusk,RT @SpaceX: Watch Falcon 9 launch Dragon and Crew-5 to the @space_station ‚Üí https://t.co/k09m3qyfv5  https://t.co/qiQXitqNjn,2022-10-05 14:03:01+00:00,3524,0
284,1577660561965387776,elonmusk,RT @SpaceX: Meet Crew-5 https://t.co/k4nwgMAIuK,2022-10-05 14:02:44+00:00,3271,0
285,1577428272056389633,elonmusk,"Buying Twitter is an accelerant to creating X, the everything app",2022-10-04 22:39:41+00:00,36165,421606
286,1577075264592351233,elonmusk,"RT @Tesla: The brain of your Tesla: Neural networks with 1 billion parameters, completing 144 trillion operations per second https://t.co/R‚Ä¶",2022-10-03 23:16:58+00:00,4181,0
287,1576994262226702336,elonmusk,Let‚Äôs try this then: the will of the people who live in the Donbas &amp; Crimea should decide whether they‚Äôre part of Russia or Ukraine,2022-10-03 17:55:05+00:00,17402,97737
288,1576969255031296000,elonmusk,"Ukraine-Russia Peace:

- Redo elections of annexed regions under UN supervision. Russia leaves if that is will of t‚Ä¶ https://t.co/JDTcmP9kWJ",2022-10-03 16:15:43+00:00,20503,100038
289,1576840676284960769,elonmusk,https://t.co/cGHSTdb9gv,2022-10-03 07:44:48+00:00,34625,251119
290,1576715982172667904,elonmusk,https://t.co/inO8f1q38o,2022-10-02 23:29:18+00:00,8539,149004
291,1576709529219260419,elonmusk,Prufrock II emerging from the ground https://t.co/csamCrmAZa,2022-10-02 23:03:40+00:00,4293,71035
292,1576645588833415168,elonmusk,Do not let ancient grudge break to new mutiny,2022-10-02 18:49:35+00:00,8131,100275
293,1576637623614918657,elonmusk,"RT @SpaceX: Crew-5, SpaceX, and @NASA completed a full rehearsal of launch day activities https://t.co/NbcefjA7bL",2022-10-02 18:17:56+00:00,2898,0
294,1576537245900996608,elonmusk,RT @Tesla: 2k Model Y built at Giga Berlin this week ü§ò https://t.co/4u4I517wdV,2022-10-02 11:39:04+00:00,2530,0
295,1576531246980956161,elonmusk,https://t.co/HdUl0etoao,2022-10-02 11:15:14+00:00,13654,233021
296,1576383741479768066,elonmusk,"Recording of Tesla AI Day 2022 
https://t.co/7LR51x7pXa",2022-10-02 01:29:06+00:00,2592,23623
297,1576297211058880512,elonmusk,"RT @SpaceX: Falcon 9 and Dragon vertical on Launch Complex 39A; targeting Wednesday, October 5 for launch of the Crew-5 mission ‚Üí https://t‚Ä¶",2022-10-01 19:45:15+00:00,3092,0
298,1576079918806376449,elonmusk,ü§ñ üñ§ https://t.co/eNhVVztXHM,2022-10-01 05:21:49+00:00,5109,98351
299,1576078617712349184,elonmusk,RT @Tesla: https://t.co/EzxImHtqBP,2022-10-01 05:16:39+00:00,11533,0
300,1576046445764825088,elonmusk,https://t.co/PHa7kKhFoT,2022-10-01 03:08:48+00:00,32749,513269
301,1576045629821702144,elonmusk,"Naturally, there will be a catgirl version of our Optimus robot",2022-10-01 03:05:34+00:00,7386,107827
302,1576038326364053504,elonmusk,"The point of AI Day is to show the immense depth &amp; breadth of Tesla in AI, compute hardware &amp; robotics",2022-10-01 02:36:33+00:00,4024,52190
303,1576027908086280193,elonmusk,RT @teslaownersSV: Tesla Bot coming out and dancing ü§£ @elonmusk https://t.co/TKT1lSGyqa,2022-10-01 01:55:09+00:00,7318,0
304,1575972110945558528,elonmusk,Webcast link https://t.co/TrtjKph4Mk,2022-09-30 22:13:26+00:00,1732,17007
305,1575970770584379392,elonmusk,Tesla AI Day 2022 starts at precisely 6:15pm California time,2022-09-30 22:08:06+00:00,3188,41782
306,1575858408284073984,elonmusk,RT @Tesla: Powerwall FTW!,2022-09-30 14:41:37+00:00,2009,0
307,1575721477709582336,elonmusk,RT @Tesla: AI Day tomorrow https://t.co/oVenZDbVMQ,2022-09-30 05:37:30+00:00,6582,0
308,1575508498430820352,elonmusk,"Cybertruck will be waterproof enough to serve briefly as a boat, so it can cross rivers, lakes &amp; even seas that aren‚Äôt too choppy",2022-09-29 15:31:12+00:00,14582,207584
309,1575499184764899328,elonmusk,"Note, this event is meant for recruiting AI &amp; robotics engineers, so will be highly technical https://t.co/BcxAEv6qJd",2022-09-29 14:54:11+00:00,4502,50947
310,1575270119881601024,elonmusk,Starlink Maritime system enables high speed Internet connectivity even in heavy seas &amp; hurricane winds https://t.co/6R4p73UGOT,2022-09-28 23:43:58+00:00,4427,47709
311,1575268810109505536,elonmusk,Last coal shipment arrived in Hawaii at same time as Tesla Megapack batteries that will enable 24/7 sustainable ene‚Ä¶ https://t.co/dNokhusMAA,2022-09-28 23:38:46+00:00,3832,44009
312,1575021541103874048,elonmusk,https://t.co/mEBAgBCCkj,2022-09-28 07:16:12+00:00,14013,159205
313,1574901832622612480,elonmusk,Make ‚Äúhair on fire‚Äù not just a metaphor,2022-09-27 23:20:31+00:00,3847,53515
314,1574897832095408128,elonmusk,https://t.co/1hbMzueALi,2022-09-27 23:04:38+00:00,3557,47369
315,1574895951973449729,elonmusk,‚ÄúBurnt Hair‚Äù ‚Äì Scent for Men by Singed,2022-09-27 22:57:09+00:00,2415,44385
316,1574803555873345536,elonmusk,"My son, Saxon, was amazed that so many paper newspapers are still produced every day. 

He said they probably just‚Ä¶ https://t.co/VC1zvE3LGK",2022-09-27 16:50:00+00:00,7324,112508
317,1574794308523380744,elonmusk,https://t.co/RcKPRe8eiM,2022-09-27 16:13:16+00:00,47204,601208
318,1574773851523022850,elonmusk,"Falcon 9 fairing cam captures 2nd stage plume, booster entry burn &amp; Earth in twilight https://t.co/ga9MpZKvK2",2022-09-27 14:51:58+00:00,7210,89783
319,1574563734802300928,elonmusk,"RT @NASA: IMPACT SUCCESS! Watch from #DARTMIssion‚Äôs DRACO Camera, as the vending machine-sized spacecraft successfully collides with astero‚Ä¶",2022-09-27 00:57:03+00:00,57726,0
320,1574120217411604481,elonmusk,https://t.co/2wpp3F31jA,2022-09-25 19:34:40+00:00,22200,239213
321,1574112663864430593,elonmusk,Starlink now over 1M user terminals manufactured,2022-09-25 19:04:39+00:00,11533,153619
322,1573983419159048192,elonmusk,RT @SpaceX: Falcon 9 launches 52 Starlink satellites to orbit https://t.co/A4eGu4lmz0,2022-09-25 10:31:04+00:00,17368,0
323,1573144936756965376,elonmusk,Starlink connecting schools in the Amazon https://t.co/Xy70D0sk8N,2022-09-23 02:59:15+00:00,12661,131147
324,1571966834659794947,elonmusk,"FSD Beta 10.69.2.1 looks good, extending to 160k owners in US &amp; Canada",2022-09-19 20:57:53+00:00,3207,45349
325,1571945690867331072,elonmusk,"Baltasar Graci√°n, Or√°culo Manual y Arte de Prudencia",2022-09-19 19:33:52+00:00,2804,35418
326,1571929797185667072,elonmusk,7 engine static fire https://t.co/sOm8Jx8rJq,2022-09-19 18:30:43+00:00,10496,138004
327,1571748448591814657,elonmusk,"starry, starry night 
paint your palette
blue and gray https://t.co/iUm9pzfDGc",2022-09-19 06:30:06+00:00,15021,208435
328,1571702286854004736,elonmusk,"Starlink is now active on all continents, including Antarctica 
https://t.co/Q1VvqV5G0i",2022-09-19 03:26:40+00:00,12753,117520
329,1571337302416437252,elonmusk,https://t.co/VDcpkjm56j,2022-09-18 03:16:21+00:00,21433,259187
330,1570952805833379840,elonmusk,Starlink is meant for peaceful use only,2022-09-17 01:48:30+00:00,12050,221510
331,1569953613073764352,elonmusk,"Salted butter is amazing, but should be stored at room temperature https://t.co/8RSr340JB8",2022-09-14 07:38:04+00:00,7096,130812
332,1569898054257639427,elonmusk,https://t.co/xMoL9wdXh6,2022-09-14 03:57:18+00:00,20012,292294
333,1569823898442829826,elonmusk,"Blow the whistle!
https://t.co/RQLDti0ULZ",2022-09-13 23:02:37+00:00,3555,52007
334,1569760174704926723,elonmusk,https://t.co/qjjDVyOszp,2022-09-13 18:49:25+00:00,2852,38986
335,1569749150555594753,elonmusk,My tweets are being suppressed!,2022-09-13 18:05:36+00:00,9213,131082
336,1569744148881866758,elonmusk,Anyone know who the secret clients are? Let‚Äôs out them on Twitter rn haha. https://t.co/g8D1mQZLRv,2022-09-13 17:45:44+00:00,2014,19414
337,1569730467322019842,elonmusk,Rome show is underappreciated https://t.co/oqd3B6O5Mw,2022-09-13 16:51:22+00:00,1275,21173
338,1569699453786898432,elonmusk,üçø,2022-09-13 14:48:08+00:00,3759,49921
339,1569480022481567749,elonmusk,Take a moment to ‚Ä¶ https://t.co/R3hK5u4UW6,2022-09-13 00:16:11+00:00,29129,372001
340,1569417348179759107,elonmusk,Won‚Äôt be long before we view gasoline cars the same way we view steam engines today,2022-09-12 20:07:08+00:00,14176,179761
341,1569076207194365953,elonmusk,"FSD Beta 10.69.2 rolling out now. Please note that top priority is safety, so expect it to be overly cautious, espe‚Ä¶ https://t.co/93fdpMOb8l",2022-09-11 21:31:34+00:00,3208,46903
342,1568796529690902529,elonmusk,Falcon arching to orbit https://t.co/m7grug8FV9,2022-09-11 03:00:14+00:00,11912,180581
343,1568788727014752257,elonmusk,No obvious limit to rocket reflight so far https://t.co/rBrcyjxJea,2022-09-11 02:29:13+00:00,3485,46523
344,1568386909793325060,elonmusk,Take Materials Science 101. You won‚Äôt regret it.,2022-09-09 23:52:33+00:00,10101,141061
345,1568383953370767365,elonmusk,A major Fed rate hike risks deflation,2022-09-09 23:40:48+00:00,6084,83937
346,1568364238451740674,elonmusk,Tesla North America aiming for &gt;50% same hour service,2022-09-09 22:22:27+00:00,2233,38964
347,1567805472039747585,elonmusk,And remember üíï https://t.co/unsJK0CjM9,2022-09-08 09:22:07+00:00,15887,107657
348,1567732884856872962,elonmusk,RT @Tesla: üé®üè≠ https://t.co/UKj6vWDX2v,2022-09-08 04:33:41+00:00,3290,0
349,1567463396999561216,elonmusk,RT @Tesla: Tesla Model Y receives highest safety score of any vehicle ever tested¬†https://t.co/SJDXowtkGw,2022-09-07 10:42:50+00:00,5260,0
350,1567367045435609089,elonmusk,‚ÄúThat‚Äôs not punny!‚Äù,2022-09-07 04:19:58+00:00,4269,75819
351,1567329298087804930,elonmusk,RT @Tesla: Enter your destination &amp; your Tesla will automatically include Supercharging stops in your route,2022-09-07 01:49:58+00:00,1548,0
352,1566936909980614662,elonmusk,Order a Tesla Powerwall battery for blackout protection! https://t.co/tEE4LDBD78,2022-09-05 23:50:46+00:00,4519,46813
353,1566849074762059777,elonmusk,Tolkien is turning in his grave,2022-09-05 18:01:44+00:00,27227,286481
354,1565883786847326209,elonmusk,https://t.co/L8gLdGE74c,2022-09-03 02:06:02+00:00,6856,82423
355,1565189065158311937,elonmusk,"Sure sounds higher than 5%!
 https://t.co/Va7TxxzoI6",2022-09-01 04:05:27+00:00,10809,92499
356,1564993132873146368,elonmusk,Now launching every ~5 days https://t.co/KJYG5CKPYx,2022-08-31 15:06:53+00:00,4976,59839
357,1564992284919099395,elonmusk,RT @SpaceX: Falcon 9 launches Starlink to orbit for SpaceX‚Äôs sixth launch this month https://t.co/9YOCAZkIxJ,2022-08-31 15:03:31+00:00,2870,0
358,1564749455588560900,elonmusk,RT @Tesla: Extreme heat and durability testing in Dubai üê´ https://t.co/xOmt7G9seh,2022-08-30 22:58:36+00:00,4745,0
359,1564747303646265346,elonmusk,Spent the day walking entire Giga Berlin production line ‚Äì team is doing excellent work!,2022-08-30 22:50:03+00:00,5448,114212
360,1564744331554131971,elonmusk,Kickass Internet connection coming Royal Caribbean ships soon! https://t.co/8qJRiUuNah,2022-08-30 22:38:14+00:00,4893,65851
361,1564038071997300740,elonmusk,This will happen again ‚Äì just a matter of time https://t.co/HeyZhZbAih,2022-08-28 23:51:49+00:00,5239,53603
362,1564033992243945474,elonmusk,Godspeed Artemis! https://t.co/8rZSQPamBf,2022-08-28 23:35:36+00:00,4493,50899
363,1563948078415024129,elonmusk,"From time to time, I will share some things that seem to be working for me, in case you find it helpful",2022-08-28 17:54:13+00:00,12518,204012
364,1563944510358712321,elonmusk,"On advice of a good friend, I‚Äôve been fasting periodically &amp; feel healthier",2022-08-28 17:40:02+00:00,12841,197088
365,1563760585363185664,elonmusk,Squeezing extra performance out of Falcon 9 ‚Äì almost at 17 metric tons to an actual useful orbit with booster &amp; fai‚Ä¶ https://t.co/4lZ6aSVugM,2022-08-28 05:29:11+00:00,2565,35043
366,1563759673945120769,elonmusk,"RT @SpaceX: Starlink is now available in Norway! Additionally, to better reflect parity in purchasing power across our customers, we‚Äôve adj‚Ä¶",2022-08-28 05:25:34+00:00,1653,0
367,1563292201043431424,elonmusk,Countries should be increasing nuclear power generation! It is insane from a national security standpoint &amp; bad for‚Ä¶ https://t.co/nESJOIS0Qm,2022-08-26 22:27:59+00:00,34482,299881
368,1563020169160851456,elonmusk,Population collapse due to low birth rates is a much bigger risk to civilization than global warming,2022-08-26 04:27:02+00:00,40287,350316
369,1562956451538014209,elonmusk,"Starlink V2, launching next year, will transmit direct to mobile phones, eliminating dead zones worldwide",2022-08-26 00:13:51+00:00,20484,197305
370,1562954616278380544,elonmusk,RT @SpaceX: Watch live as Elon and @TMobile CEO and President Mike Sievert announce plans to increase connectivity ‚Üí https://t.co/pxgvgTWzr‚Ä¶,2022-08-26 00:06:33+00:00,3057,0
371,1562935219644235776,elonmusk,Livestream of big news in about an hour https://t.co/LSMIRYBxHH,2022-08-25 22:49:28+00:00,2550,26401
372,1562477813613047811,elonmusk,This is something special https://t.co/LSMIRYT8zf,2022-08-24 16:31:54+00:00,4224,42598
373,1562340989775511552,elonmusk,The course of civilization is not always upward https://t.co/8mr7pFWcnI,2022-08-24 07:28:13+00:00,3130,33716
374,1562314849912119296,elonmusk,Mechazilla loads Starship on launchpad https://t.co/LfkfjpAcZj,2022-08-24 05:44:21+00:00,11090,159022
375,1562105413977493504,elonmusk,https://t.co/KsWiazActx,2022-08-23 15:52:07+00:00,6593,95593
376,1561608534629965826,elonmusk,Neuralink progress update show &amp; tell on October 31 st (Halloween),2022-08-22 06:57:42+00:00,6606,93241
377,1561607860101996544,elonmusk,"2 main goals this year: 

- Starship to orbit
- FSD wide release

Many other things, of course, but those are the 2‚Ä¶ https://t.co/IkVpblkZjr",2022-08-22 06:55:01+00:00,5830,75279
378,1561475238705401856,elonmusk,üëø https://t.co/hdzRzphcii,2022-08-21 22:08:02+00:00,15762,262104
379,1561362640261226499,elonmusk,"After wide release of FSD Beta 10.69.2, price of FSD will rise to $15k in North America on September 5th. 

Current‚Ä¶ https://t.co/EC7nxirjxg",2022-08-21 14:40:36+00:00,3073,38746
380,1561361064163516417,elonmusk,"FSD Beta 10.69 started rolling out to Tesla owners last night. This build is a big step forward!

10.69.1 probably‚Ä¶ https://t.co/9ZN26SEeXG",2022-08-21 14:34:21+00:00,2041,23836
381,1560853365206171648,elonmusk,RT @SpaceX: Shots from the @Space_Station of Dragon's departure https://t.co/nK2ZteNy2c,2022-08-20 04:56:56+00:00,2837,0
382,1560720224588120064,elonmusk,"Nice letter from Bill Nix, who would‚Äôve been my prof at Stanford if I hadn‚Äôt put grad studies on (permanent) deferm‚Ä¶ https://t.co/bQtZ78w3y8",2022-08-19 20:07:52+00:00,7470,149201
383,1560709005558910981,elonmusk,RT @SpaceX: Watch Falcon 9 launch 53 Starlink satellites to orbit ‚Üí https://t.co/R2EbNzbkrU  https://t.co/ugqA7fPTVT,2022-08-19 19:23:18+00:00,2970,0
384,1560651065854656513,elonmusk,RT @SpaceX: Separation confirmed! Dragon will perform three departure burns to move away from the @space_station https://t.co/kcgap2pxZF,2022-08-19 15:33:04+00:00,1550,0
385,1560630340137664513,elonmusk,RT @SpaceX: SKY Perfect JSAT has selected Starship for launch of its Superbird-9 communications satellite! https://t.co/sFZssT3omn https://‚Ä¶,2022-08-19 14:10:42+00:00,2989,0
386,1560508081729044480,elonmusk,Still so grateful ü•π https://t.co/EhdyXw4fqN,2022-08-19 06:04:54+00:00,30873,556011
387,1560466783567478784,elonmusk,https://t.co/KBjnfkU4ia,2022-08-19 03:20:47+00:00,16508,218430
388,1559832948538482690,elonmusk,üé∂ This Magic Moment üé∂,2022-08-17 09:22:09+00:00,5717,92248
389,1559823434028400640,elonmusk,Being a Mom is just as important as any career,2022-08-17 08:44:21+00:00,78159,724132
390,1559814335320432642,elonmusk,Highly Recommend https://t.co/nrDZ4gJqEE,2022-08-17 08:08:12+00:00,1535,23339
391,1559766938498236416,elonmusk,Standup is my side-hustle,2022-08-17 04:59:51+00:00,8640,153470
392,1559690651687608321,elonmusk,"To be clear, I support the left half of the Republican Party and the right half of the Democratic Party!",2022-08-16 23:56:43+00:00,20603,361547
393,1559610769117003777,elonmusk,RT @Tesla: First Model Y deliveries in Australia üá¶üá∫ and New Zealand üá≥üáø https://t.co/WYLMVhWjdS,2022-08-16 18:39:18+00:00,3181,0
394,1558867758368133122,elonmusk,Congrats Giga Shanghai on making millionth car! Total Teslas made now over 3M. https://t.co/2Aee6slCuv,2022-08-14 17:26:50+00:00,9994,156788
395,1558636751370928128,elonmusk,Just Read The Instructions https://t.co/BWYzSEE0Q8,2022-08-14 02:08:54+00:00,21494,239080
396,1558303186326265857,elonmusk,Adding the 13 inner engines https://t.co/ooOFEGl0Hr,2022-08-13 04:03:26+00:00,6530,92985
397,1558292789959561220,elonmusk,Another orbital plane of polar satellites https://t.co/UDl6wStLuT,2022-08-13 03:22:07+00:00,2454,30571
398,1557957132707921920,elonmusk,This will be Mars one day https://t.co/nf4hML8dKx,2022-08-12 05:08:20+00:00,23981,360814
399,1557943469984956417,elonmusk,but have u seen my sex tape https://t.co/aCBqIRz4sH,2022-08-12 04:14:03+00:00,46959,665059
400,1557764571565240320,elonmusk,Starship B7 static fire https://t.co/taBpsd9LSV,2022-08-11 16:23:10+00:00,8987,132761
401,1557759290219171841,elonmusk,Fate üñ§ Irony https://t.co/RHZ9BEws7k,2022-08-11 16:02:11+00:00,38244,256675
402,1557602903791214593,elonmusk,deep thot https://t.co/0EcPd30QAs,2022-08-11 05:40:45+00:00,24682,252864
403,1557602588186578944,elonmusk,https://t.co/UfZdHZvtAA,2022-08-11 05:39:30+00:00,40391,521669
404,1557239006965821440,elonmusk,8 years ago https://t.co/HPK5R5UMS6,2022-08-10 05:34:46+00:00,3004,29038
405,1557235342570229760,elonmusk,Wrote this 6 years ago https://t.co/r9GdXpCtZU,2022-08-10 05:20:12+00:00,3404,36183
406,1557200629365293056,elonmusk,https://t.co/67gqPGe7Ph,2022-08-10 03:02:16+00:00,12480,192950
407,1557199901737373696,elonmusk,Quite the day https://t.co/UYQZwCvgk7,2022-08-10 02:59:22+00:00,2583,32636
408,1557199822435729409,elonmusk,RT @SpaceX: Static fire test of two Raptor engines on Starship 24 https://t.co/NNpViztphI,2022-08-10 02:59:03+00:00,4419,0
409,1557199810771374080,elonmusk,RT @SpaceX: Team at Starbase completed a single Raptor engine static fire test of Super Heavy Booster 7 on the orbital launch pad https://t‚Ä¶,2022-08-10 02:59:00+00:00,3097,0
410,1556348857625092096,elonmusk,https://t.co/1duQL9NU2E,2022-08-07 18:37:37+00:00,10262,107319
411,1556181455570714624,elonmusk,FSD Beta 10.69 drops on 8/20,2022-08-07 07:32:26+00:00,5024,67507
412,1556020160082939906,elonmusk,Saxon James Musk https://t.co/d7FKw4iQIU,2022-08-06 20:51:30+00:00,3696,40949
413,1555951580339372032,elonmusk,Less than 5% of Twitter daily users are fake/spam,2022-08-06 16:18:59+00:00,7124,66396
414,1555941068926902272,elonmusk,RT @Tesla: 2022 Annual Shareholder Meeting ‚Üí https://t.co/KttPYLPcxi,2022-08-06 15:37:13+00:00,1428,0
415,1555726190450659328,elonmusk,Moving rocket to launch pad https://t.co/nPVq1tyLoy,2022-08-06 01:23:22+00:00,9024,146030
416,1555628746719211520,elonmusk,Hustling to get Starship Booster 7 back to pad to test outer ring of 20 engines,2022-08-05 18:56:10+00:00,4040,66306
417,1555572717591699456,elonmusk,Full Send Podcast https://t.co/01FmxYRrVr,2022-08-05 15:13:31+00:00,4640,43863
418,1555442024127537153,elonmusk,Thank goodness for Senator Manchin,2022-08-05 06:34:11+00:00,4616,91011
419,1555273203127386112,elonmusk,RT @Tesla: Livestream the 2022 Annual Tesla Shareholder Meeting today at 4:30pm CT https://t.co/KttPYLPcxi https://t.co/eF9kRVfFOr,2022-08-04 19:23:21+00:00,2144,0
420,1554616046040059909,elonmusk,The ratio of digital to biological compute is growing fast. Worth tracking.,2022-08-02 23:52:03+00:00,6753,100532
421,1554588005511434240,elonmusk,Just came across this pretty good CNBC piece on SpaceX &amp; Starship https://t.co/RELYzC40M9,2022-08-02 22:00:38+00:00,3333,30215
422,1554335028313718784,elonmusk,Worth reading. This is a close match for my philosophy. https://t.co/cWEM6QBobY,2022-08-02 05:15:23+00:00,5079,46540
423,1554230257997209601,elonmusk,Still time to vote! https://t.co/ZbFWv0pkgG,2022-08-01 22:19:04+00:00,2206,26916
424,1554219847898333184,elonmusk,https://t.co/2Ck4z96NFM,2022-08-01 21:37:42+00:00,16000,202389
425,1553985248878379008,elonmusk,Thanksgiving last year after watching one too many episodes of Vikings https://t.co/ra7lijKRhD,2022-08-01 06:05:29+00:00,13610,405672
426,1553871275751362560,elonmusk,"If our reality is actually an alien soap opera, our ratings would be üöÄüí•üí´",2022-07-31 22:32:36+00:00,10832,149538
427,1553747872373522432,elonmusk,Maybe free some people in jail for weed here too? https://t.co/AYo0ZC79lZ,2022-07-31 14:22:14+00:00,44771,382765
428,1553567946135556096,elonmusk,Off to the Races set to Harley Quinn https://t.co/79XaBOxAKk,2022-07-31 02:27:16+00:00,2713,30152
429,1553384946219229184,elonmusk,"Some people are no nonsense, but, personally, I like a little nonsense",2022-07-30 14:20:06+00:00,14515,168964
430,1553380278407675905,elonmusk,Tesla + Twitter -&gt; Twizzler,2022-07-30 14:01:33+00:00,17564,267182
431,1553377779810459648,elonmusk,Interaction with almost all twitter accounts seem to be much lower in recent weeks &amp; days. Accurate?,2022-07-30 13:51:37+00:00,7686,134908
432,1553276763148517377,elonmusk,Saxon https://t.co/UTh4uqIEYP,2022-07-30 07:10:13+00:00,3135,46037
433,1553202141736706050,elonmusk,Friend made this for me 2 years ago https://t.co/XzlmpmPNT7,2022-07-30 02:13:42+00:00,4797,72975
434,1553195274264354816,elonmusk,Try voice command ‚Äúopen butthole‚Äù on your Tesla,2022-07-30 01:46:25+00:00,9967,158376
435,1553194589623918593,elonmusk,https://t.co/Uo30yDO3tJ,2022-07-30 01:43:41+00:00,28366,340097
436,1553170788454465536,elonmusk,Heatwave in Shortville ü•µ,2022-07-30 00:09:07+00:00,4277,66482
437,1553029208057810945,elonmusk,"I can‚Äôt say for sure that Starship will reach escape velocity, but my hubris certainly has",2022-07-29 14:46:31+00:00,5435,96096
438,1552813560320901122,elonmusk,Inflation might be trending down,2022-07-29 00:29:37+00:00,10960,160663
439,1552501701994758145,elonmusk,Much harder to make friends than enemies. My skill at the latter is improving.,2022-07-28 03:50:24+00:00,20734,270668
440,1552324811153707018,elonmusk,The media is a click-seeking machine dressed up as a truth-seeking machine,2022-07-27 16:07:30+00:00,39632,336153
441,1552317587694010368,elonmusk,A new philosophy of the future is needed. I believe it should be curiosity about the Universe ‚Äì expand humanity to‚Ä¶ https://t.co/xZidyna6UC,2022-07-27 15:38:48+00:00,16218,160743
442,1551698120328749056,elonmusk,"The amount of attention on me has gone supernova, which super sucks. Unfortunately, even trivial articles about me‚Ä¶ https://t.co/XcwDQMs4aZ",2022-07-25 22:37:15+00:00,20018,381357
443,1551668848000114689,elonmusk,All Teslas come with a free karaoke app https://t.co/mZa3WmhyPL,2022-07-25 20:40:56+00:00,12374,211921
444,1551557938573189120,elonmusk,"Single-piece casting reduces weight, greatly simplifies factory, increases ride quality &amp; reduces road noise https://t.co/hJw4KLpfDg",2022-07-25 13:20:13+00:00,5910,71547
445,1551449829926207490,elonmusk,What video games have you enjoyed most over past year or two?,2022-07-25 06:10:38+00:00,10951,223101
446,1551418072866717697,elonmusk,"Movie idea: Boss Baby meets Das Boot
Das Baby ‚Äì ‚ÄúHijinks on the High Seas!‚Äù",2022-07-25 04:04:27+00:00,3924,74873
447,1551338477844779008,elonmusk,"The dark origin of the lemming mass suicide myth ‚Ä¶
https://t.co/wn7vg2mUjr",2022-07-24 22:48:10+00:00,3313,40234
448,1551059005560172544,elonmusk,From SJM https://t.co/t6xAiMyz9m,2022-07-24 04:17:38+00:00,2843,36377
449,1551054131413991424,elonmusk,https://t.co/TpGbs06lnT,2022-07-24 03:58:16+00:00,20261,317802
450,1551043059701657601,elonmusk,Gehalt und Gestalt,2022-07-24 03:14:17+00:00,3021,62446
451,1550816088300179459,elonmusk,Excited to work with Tesla Service to enable same-hour service as often as possible! Applying Formula 1 pit crew techniques to Teslas.,2022-07-23 12:12:22+00:00,6510,106340
452,1550556826533494784,elonmusk,RT @SpaceX: Falcon 9‚Äôs first stage has landed on the Of Course I Still Love You droneship ‚Äì marking SpaceX‚Äôs second launch and landing from‚Ä¶,2022-07-22 19:02:10+00:00,2763,0
453,1550556670337630209,elonmusk,"Starlink now available in 36 countries!
https://t.co/nH1zPfd2Om",2022-07-22 19:01:32+00:00,6644,70528
454,1550556341827211265,elonmusk,Congrats to SpaceX team on record number of launches! https://t.co/nb8ozrbqZ5,2022-07-22 19:00:14+00:00,2929,45852
455,1550474712714805250,elonmusk,Optimus Primed https://t.co/DMIPaIYevN,2022-07-22 13:35:52+00:00,19307,266742
456,1549959479621324802,elonmusk,ü•á https://t.co/VlSpfXZdp9,2022-07-21 03:28:31+00:00,31716,407402
457,1549519470238044163,elonmusk,"RT @SpaceX: NASA has selected Falcon Heavy to launch the Roman Space Telescope, which is designed to study dark energy and dark matter, sea‚Ä¶",2022-07-19 22:20:05+00:00,4224,0
458,1549447559713890306,elonmusk,One of the best features of Model X https://t.co/zUTcSD7fiz,2022-07-19 17:34:20+00:00,7283,106278
459,1549422655656275968,elonmusk,Congrats to Tesla Fremont + Giga Nevada for making their 2 millionth car!,2022-07-19 15:55:22+00:00,6256,110551
460,1549288086944845825,elonmusk,Please vote your shares with Tesla! https://t.co/ZbFWv0pkgG,2022-07-19 07:00:38+00:00,3005,33807
461,1549126205529628672,elonmusk,https://t.co/8IYBfjFact,2022-07-18 20:17:23+00:00,29282,352895
462,1549081736516182016,elonmusk,"RT @SpaceX: Falcon 9 has completed 31 missions so far this year, delivering ~351 metric tons to orbit ‚Äì carrying astronauts &amp; research to t‚Ä¶",2022-07-18 17:20:41+00:00,3772,0
463,1547927887734456322,elonmusk,"Tesla is to protect life on Earth,
SpaceX to extend life beyond.",2022-07-15 12:55:42+00:00,19606,225796
464,1547919176299270146,elonmusk,"Mars may be a fixer upper of a planet, but it has great potential!",2022-07-15 12:21:05+00:00,8667,146566
465,1547793837443035136,elonmusk,https://t.co/ozWk7GxcEu,2022-07-15 04:03:02+00:00,46880,627884
466,1547791690492047360,elonmusk,RT @SpaceX: Falcon 9 launches Dragon to the @space_station https://t.co/d02wuzLnan,2022-07-15 03:54:30+00:00,3956,0
467,1547743421581864963,elonmusk,Dragon launching in 2 mins https://t.co/DBQDCbBy6B,2022-07-15 00:42:42+00:00,3891,49847
468,1547492347998392320,elonmusk,"RT @NASAKennedy: Tomorrow at 8:44pm ET, @SpaceX's 25th cargo resupply mission will lift off from Launch Complex 39A. Weather officials cont‚Ä¶",2022-07-14 08:05:01+00:00,3174,0
469,1547246207881433088,elonmusk,"RT @Tesla: In Dog Mode, air conditioning will stay on while the car is locked, keeping your pets safe &amp; comfortable",2022-07-13 15:46:57+00:00,5468,0
470,1547238325907513346,elonmusk,A+ for cinematography https://t.co/anGjQKbq5W,2022-07-13 15:15:37+00:00,52991,492338
471,1547093032301985794,elonmusk,Starship launch site tonight https://t.co/Len70RGCNf,2022-07-13 05:38:17+00:00,6726,112776
472,1547028854161788929,elonmusk,Excited about @NASAWebb potential!,2022-07-13 01:23:15+00:00,5146,95424
473,1546980241494745100,elonmusk,Oh the irony lol,2022-07-12 22:10:05+00:00,12716,223683
474,1546666417759653888,elonmusk,"Tesla‚Äôs automatic cabin overheat protection should make a real difference with record heatwaves.

Ability to adjust‚Ä¶ https://t.co/0u1N37g2al",2022-07-12 01:23:04+00:00,4879,78588
475,1546598042844991489,elonmusk,https://t.co/mvVUR4doqB,2022-07-11 20:51:22+00:00,18081,300422
476,1546518224887496705,elonmusk,"For improved quality of sleep, raise head of your bed by about 3‚Äù or 5cm and don‚Äôt eat 3 hours before bedtime",2022-07-11 15:34:12+00:00,29766,367577
477,1546367753870770177,elonmusk,These polar launches will enable complete coverage of Earth (where approved by local government) https://t.co/0ssHobwdp3,2022-07-11 05:36:17+00:00,4694,55038
478,1546345773348147201,elonmusk,https://t.co/d5tSnoDs5s,2022-07-11 04:08:56+00:00,25675,360008
479,1546344529460174849,elonmusk,https://t.co/JcLMee61wj,2022-07-11 04:04:00+00:00,126851,1129181
480,1545166492408328193,elonmusk,Super fired up for future product development with our awesome Tesla team! Such an honor to work with them.,2022-07-07 22:02:54+00:00,7476,136134
481,1545150462214623232,elonmusk,Starlink for boats! https://t.co/BQujU8Ngna,2022-07-07 20:59:12+00:00,7816,102217
482,1545127971383640066,elonmusk,"RT @SpaceX: In addition to withstanding extreme cold, heat, hail, sleet, heavy rain, and gale force winds, Starlink is rugged enough to wit‚Ä¶",2022-07-07 19:29:50+00:00,4850,0
483,1545051509020192768,elonmusk,Maybe Tesla should make a highly configurable Robovan for people &amp; cargo?,2022-07-07 14:26:00+00:00,6396,119321
484,1545049944796516357,elonmusk,I hope you have big families and congrats to those who already do!,2022-07-07 14:19:47+00:00,16372,258943
485,1545049435654172675,elonmusk,Population of Mars is still zero people!,2022-07-07 14:17:45+00:00,17506,302427
486,1545046146548019201,elonmusk,"Doing my best to help the underpopulation crisis. 

A collapsing birth rate is the biggest danger civilization faces by far.",2022-07-07 14:04:41+00:00,24420,264173
487,1545038178876362760,elonmusk,RT @SpaceX: Liftoff! https://t.co/x5Lo6JrDmq,2022-07-07 13:33:01+00:00,4021,0
488,1545037152286900224,elonmusk,RT @SpaceX: Watch Falcon 9 launch 53 Starlink satellites to orbit ‚Üí https://t.co/fQ3R4IVxZ8  https://t.co/ocibwLcez3,2022-07-07 13:28:57+00:00,2296,0
489,1544790652969533441,elonmusk,"Highly recommend Revolutions by Mike Duncan, especially Season 10 https://t.co/LoJXYL2HTU",2022-07-06 21:09:27+00:00,3879,36780
490,1544636989647032321,elonmusk,Humanity will reach Mars in your lifetime,2022-07-06 10:58:50+00:00,46108,578260
491,1544615634453020673,elonmusk,Flatulence Earther,2022-07-06 09:33:59+00:00,5817,100602
492,1544376599134494729,elonmusk,A veritable ‚Äúsock aficionado‚Äù,2022-07-05 17:44:09+00:00,2866,55466
493,1544374564255309826,elonmusk,I must confess to a penchant for creative socks,2022-07-05 17:36:03+00:00,4519,93378
494,1544059562864640011,elonmusk,Elvis is just Elvish without an h,2022-07-04 20:44:21+00:00,8571,160838
495,1544052094419832836,elonmusk,Happy July 4th! https://t.co/KYN2XO712Z,2022-07-04 20:14:41+00:00,15701,285843
496,1544051155562598401,elonmusk,https://t.co/sUrsfucQ2F,2022-07-04 20:10:57+00:00,31364,308299
497,1543050489050402816,elonmusk,Honored to meet @Pontifex yesterday https://t.co/sLZY8mAQtd,2022-07-02 01:54:39+00:00,18350,306902
498,1543047940683464705,elonmusk,"Venice, a site of Great Remembrance https://t.co/GWR3xqsoQW",2022-07-02 01:44:32+00:00,8493,239749
499,1543046762021228544,elonmusk,Feeling ‚Ä¶ perhaps ‚Ä¶ a little bored?,2022-07-02 01:39:51+00:00,20279,332821
500,1543046254397009922,elonmusk,Wise words from SJM https://t.co/snVNttsvn1,2022-07-02 01:37:50+00:00,14196,165037
501,1539275446625476614,elonmusk,https://t.co/YhpHKcCYXz,2022-06-21 15:53:59+00:00,67717,752798
502,1539031248638812160,elonmusk,AI gets better every day https://t.co/Lz5XfXRJjh,2022-06-20 23:43:38+00:00,14402,141914
503,1538986794703781888,elonmusk,What ‚Ä¶ is your favorite cheese?,2022-06-20 20:46:59+00:00,9491,182438
504,1538406040374595585,elonmusk,I will keep supporting Dogecoin,2022-06-19 06:19:16+00:00,35619,385217
505,1538403887635390465,elonmusk,üíïüíï shadow crew üíïüíï,2022-06-19 06:10:43+00:00,4927,88839
506,1538397546510426112,elonmusk,Happy Father‚Äôs Day,2022-06-19 05:45:31+00:00,30173,431052
507,1538394661483687936,elonmusk,Congrats to SpaceX Falcon team for executing 3 flawless launches in 2 days! https://t.co/2MFmlkXmVz,2022-06-19 05:34:03+00:00,4303,57217
508,1538202890258591744,elonmusk,We‚Äôre changing Starlink‚Äôs default wifi name to Stinky,2022-06-18 16:52:02+00:00,8109,148758
509,1538201177824931848,elonmusk,"This is where 
the writers are,

Of past,
Present,
And Future.",2022-06-18 16:45:13+00:00,7100,89058
510,1538196236896960512,elonmusk,Feels like d√©j√† vu all over again haha https://t.co/ZokV7kPBV1,2022-06-18 16:25:35+00:00,3321,47983
511,1537997699793833985,elonmusk,Congratulations to Giga Berlin team on making over 1000 cars in a week! https://t.co/TX8S4ozuxJ,2022-06-18 03:16:40+00:00,6054,103687
512,1537970070307020808,elonmusk,"Watch the opening scene of Idiocracy. 

When I ask my friends why they‚Äôre not yet having kids (very few are), it so‚Ä¶ https://t.co/68HwOSFqjB",2022-06-18 01:26:53+00:00,9353,77610
513,1537962566638415872,elonmusk,Is TikTok destroying civilization? Some people think so.,2022-06-18 00:57:04+00:00,33953,429275
514,1537906813797945347,elonmusk,https://t.co/oD5D5CVe5A,2022-06-17 21:15:31+00:00,40917,559803
515,1537844931351531521,elonmusk,"Our best landing video to date, thanks to Starlink! https://t.co/kAjA3mxBta",2022-06-17 17:09:38+00:00,11221,132046
516,1537831770833289216,elonmusk,RT @SpaceX: Watch Falcon 9 launch 53 Starlink satellites to low-Earth orbit ‚Üí https://t.co/FHNtCC2xqJ  https://t.co/2GBQjLMNTt,2022-06-17 16:17:20+00:00,2485,0
517,1537831745130663937,elonmusk,RT @SpaceX: Liftoff! https://t.co/28eNKniMqe,2022-06-17 16:17:14+00:00,3687,0
518,1537219088283381760,elonmusk,"I‚Äôm dressing as a sink on Halloween, as they will have no choice but to let me in",2022-06-15 23:42:45+00:00,10256,166781
519,1537122094147854339,elonmusk,Original Top Gun is a great movie. Just rewatched. Looking forward to seeing the sequel.,2022-06-15 17:17:20+00:00,12331,251368
520,1536896085557399552,elonmusk,Starship SN24 in the High Bay https://t.co/vDZ4yBV1MF,2022-06-15 02:19:15+00:00,9782,152861
521,1536874842783244288,elonmusk,Cryptonight,2022-06-15 00:54:50+00:00,21634,269164
522,1536792520042102786,elonmusk,https://t.co/adMlWpAfz1,2022-06-14 19:27:43+00:00,33876,506625
523,1536744900661755906,elonmusk,"Don‚Äôt build moats, build tech trees",2022-06-14 16:18:30+00:00,9628,133806
524,1536739559773458433,elonmusk,RT @SpaceX: One step closer to the first orbital flight test of Starship https://t.co/MEcQ6gST6Q https://t.co/jxqEsM62gc,2022-06-14 15:57:16+00:00,8126,0
525,1536087736389599232,elonmusk,Words are beautiful,2022-06-12 20:47:10+00:00,21272,276028
526,1536082514208604161,elonmusk,True experts even read wiki citations https://t.co/MDU2oYmTpH,2022-06-12 20:26:25+00:00,10364,124281
527,1536057154544848901,elonmusk,Make Austin weirder!,2022-06-12 18:45:38+00:00,5645,102486
528,1535749847944511490,elonmusk,Humor is one of the great joys of life!,2022-06-11 22:24:31+00:00,46384,459401
529,1535660429338460162,elonmusk,RT @Tesla: City views from Model Y https://t.co/vInH9ChdYX,2022-06-11 16:29:12+00:00,4705,0
530,1535478522550136834,elonmusk,"33 Raptor rocket engines, each producing 230 metric tons of force https://t.co/flQLb62MgZ",2022-06-11 04:26:22+00:00,13304,184352
531,1535145201903312896,elonmusk,Play video games wherever you want https://t.co/qLgCbCcpIO,2022-06-10 06:21:52+00:00,5134,65830
532,1535144693369036803,elonmusk,"RT @SpaceX: Awesome to see how people are using Starlink for RVs! 30,000 orders and counting ‚Üí https://t.co/tWDPs3ruIC
https://t.co/m3TOmHX‚Ä¶",2022-06-10 06:19:51+00:00,2309,0
533,1535132423876497410,elonmusk,Real talk https://t.co/A0VPuWgzAg,2022-06-10 05:31:05+00:00,15054,194072
534,1534685474731589632,elonmusk,RT @SpaceX: Falcon 9 launches the Nilesat 301 communications satellite to a geosynchronous transfer orbit from Florida https://t.co/HidKNqR‚Ä¶,2022-06-08 23:55:04+00:00,4311,0
535,1534198302589128704,elonmusk,https://t.co/2ELe1W5ZXC,2022-06-07 15:39:14+00:00,46661,638279
536,1534196611978383361,elonmusk,YouTube seems to be nonstop scam ads,2022-06-07 15:32:30+00:00,46309,628152
537,1533857698575310848,elonmusk,"What resolution is life in, 8k? ‚Äì SJM",2022-06-06 17:05:47+00:00,7510,145758
538,1533619000986554368,elonmusk,If chess was released as a video game https://t.co/8SuK8Mg7yT,2022-06-06 01:17:17+00:00,19290,282586
539,1533616384747442176,elonmusk,The acid test for any two competing socioeconomic systems is which side needs to build a wall to keep people from e‚Ä¶ https://t.co/6dTithHlz2,2022-06-06 01:06:53+00:00,18753,170476
540,1533606056756137985,elonmusk,"Realized what I have in common with environmentalists, but also why they‚Äôre so annoyingly wrong: 

They are conserv‚Ä¶ https://t.co/N7mLWYYIW4",2022-06-06 00:25:51+00:00,6206,79803
541,1533603131606671361,elonmusk,"O wonder!
How many goodly creatures are there here!
How beauteous mankind is! O brave new world,
That has such people in't.",2022-06-06 00:14:14+00:00,5842,82522
542,1533525801764798470,elonmusk,"RT @Tesla: HEPA air filter in Model Y, S and X removes &gt;99.97% of dust, pollen, mold, bacteria¬†and any airborne particles https://t.co/I8yC‚Ä¶",2022-06-05 19:06:57+00:00,4857,0
543,1533413197629296640,elonmusk,"Some hate humanity, but I love humanity so much",2022-06-05 11:39:30+00:00,30653,395849
544,1533410745429413888,elonmusk,"Making life multiplanetary expands the scope &amp; scale of consciousness. 

It also enables us to backup the biosphere‚Ä¶ https://t.co/UBmVbPG0gU",2022-06-05 11:29:45+00:00,11815,124843
545,1533408313894912001,elonmusk,Deck from SpaceX all-hands update talk I gave last week https://t.co/ApsdPjjukh,2022-06-05 11:20:06+00:00,6065,56974
546,1533178078683357189,elonmusk,"Working on Tesla North American service. 

Goal is 2/3 of cars receive same-day service, no wait.",2022-06-04 20:05:13+00:00,4810,82076
547,1533161114586042369,elonmusk,Only thing more remarkable than DOJ not leaking the list is that no one in the media cares. Doesn‚Äôt that seem odd? https://t.co/JEK4TErABB,2022-06-04 18:57:49+00:00,73046,434131
548,1533132430386896896,elonmusk,Four Falcon Heavy flights later this year by an incredible team at SpaceX https://t.co/WUQ72lKZPe,2022-06-04 17:03:50+00:00,3767,43350
549,1532936274050486272,elonmusk,Getty watermark is the coup de gr√¢ce https://t.co/c4SHu4zXrU,2022-06-04 04:04:22+00:00,5494,97349
550,1532933207276019712,elonmusk,Diabolical! https://t.co/AJAJR8Nf3z,2022-06-04 03:52:11+00:00,21543,245270
551,1532906874386976769,elonmusk,https://t.co/QKEyQkErh0,2022-06-04 02:07:33+00:00,10738,171808
552,1532899718401073152,elonmusk,Johnny Rotten of The Sex Pistols https://t.co/u8v8KFUn7N,2022-06-04 01:39:07+00:00,34809,207695
553,1532710931590959104,elonmusk,Los Angeles is fortunate to have someone like Rick Caruso running for mayor. He‚Äôs awesome.,2022-06-03 13:08:57+00:00,7394,108363
554,1532525711763841043,elonmusk,"Tesla AI Day pushed to Sept 30, as we may have an Optimus prototype working by then",2022-06-03 00:52:57+00:00,8685,125150
555,1532050413708517376,elonmusk,"RT @Tesla: Tesla navigation will now take predicted crosswind, headwind, humidity &amp;¬†temperature into account for calculating battery % on a‚Ä¶",2022-06-01 17:24:17+00:00,4153,0
556,1532050332158676992,elonmusk,"RT @SpaceX: Two years ago yesterday, SpaceX launched its first human spaceflight to the @space_station",2022-06-01 17:23:57+00:00,2907,0
557,1532028817157591041,elonmusk,"Tesla scores 100/100 for 7th year in a row for LGBTQ equality
 https://t.co/9wvCbgrtUE",2022-06-01 15:58:28+00:00,4724,63337
558,1531733235625074688,elonmusk,10 years since SpaceX‚Äôs first mission to @Space_Station https://t.co/30xEtbXlT5,2022-05-31 20:23:56+00:00,5355,62851
559,1531647849599057921,elonmusk,https://t.co/G83vCrHHJf,2022-05-31 14:44:38+00:00,136683,1410274
560,1531468200847736838,elonmusk,Literally ‚Ä¶ https://t.co/DWKI71Wk9Z,2022-05-31 02:50:47+00:00,43568,462221
561,1531352393673318401,elonmusk,Tesla Plaid S cruising around Austin with volume at 11 is sublime,2022-05-30 19:10:36+00:00,4009,90994
562,1531352163691204610,elonmusk,Veridis Quo,2022-05-30 19:09:41+00:00,4149,67208
563,1531339927430090752,elonmusk,I miss them https://t.co/nTZkFM1D3k,2022-05-30 18:21:04+00:00,31818,500735
564,1531322193010954240,elonmusk,üëÄ https://t.co/F4B6ms5JiD,2022-05-30 17:10:36+00:00,23760,298792
565,1531279278624612352,elonmusk,In remembrance of those who fell to preserve the light of freedom,2022-05-30 14:20:04+00:00,34285,382695
566,1531174382260961280,elonmusk,https://t.co/zi2LE83iM1,2022-05-30 07:23:15+00:00,13996,227201
567,1531053815042134016,elonmusk,Tomorrow will be the first sunrise of the rest of ur life ‚Äì make it what u want,2022-05-29 23:24:09+00:00,43698,419531
568,1531038815363670017,elonmusk,"When thinking about deep time, what is more astounding is to think about how much time is ahead!",2022-05-29 22:24:33+00:00,8457,115835
569,1531012101371744258,elonmusk,Con te ‚Ä¶ partir√≤,2022-05-29 20:38:24+00:00,5324,87025
570,1530516552084234244,elonmusk,https://t.co/u4wWMI5ymu,2022-05-28 11:49:16+00:00,26496,376999
571,1530509195476205569,elonmusk,RT @SpaceX: First two countries in Africa with Starlink regulatory approval; Starlink is now licensed on all seven continents!,2022-05-28 11:20:02+00:00,4742,0
572,1530380264966434823,elonmusk,https://t.co/USLO967YsJ,2022-05-28 02:47:42+00:00,96658,1186047
573,1530321168351121408,elonmusk,RT @SpaceX: Starship 24 rolls out to the pad at Starbase https://t.co/PGh6FY6x8w,2022-05-27 22:52:53+00:00,6665,0
574,1530291267652898816,elonmusk,One Starlink can provide Internet for an entire school of hundreds of students,2022-05-27 20:54:04+00:00,17349,222455
575,1530234643219243009,elonmusk,"Starlink approved by Nigeria üá≥üá¨ &amp; Mozambique üá≤üáø
https://t.co/Q1VvqVmJ2i",2022-05-27 17:09:03+00:00,15755,99880
576,1530210776027303937,elonmusk,"Starlink approved by The Philippines üáµüá≠
https://t.co/M1xjXUl473",2022-05-27 15:34:13+00:00,10793,94792
577,1530209049261658112,elonmusk,"Tesla merch can be bought with Doge, soon SpaceX merch too",2022-05-27 15:27:21+00:00,18593,197090
578,1530097076322717696,elonmusk,https://t.co/m7PmXetcH8,2022-05-27 08:02:25+00:00,32785,336254
579,1530096334744588288,elonmusk,https://t.co/2pKML7fcat,2022-05-27 07:59:28+00:00,9164,163929
580,1529996557289893888,elonmusk,"Ya know, it‚Äôs pretty damn great to be able to talk to people from all walks of life and many countries on Twitter!‚Ä¶ https://t.co/CW9fAWXGVX",2022-05-27 01:22:59+00:00,21210,322264
581,1529974275180052480,elonmusk,Who do you trust less? Real question.,2022-05-26 23:54:27+00:00,30442,177433
582,1529961091656212514,elonmusk,Use of the word ‚Äúbillionaire‚Äù as a pejorative is morally wrong &amp; dumb üòõ,2022-05-26 23:02:04+00:00,8964,150486
583,1529869999803965446,elonmusk,Jack off the board!,2022-05-26 17:00:06+00:00,11985,185442
584,1529864162804899843,elonmusk,Politics is a sadness generator,2022-05-26 16:36:54+00:00,53916,514289
585,1529631046454677505,elonmusk,"Landed back at Cape Canaveral
(Humans for scale) https://t.co/itiQ48JYmk",2022-05-26 01:10:35+00:00,13054,214060
586,1529630765872467968,elonmusk,Falcon 9 going supersonic https://t.co/Fla67xwxf3,2022-05-26 01:09:28+00:00,11057,214996
587,1529545102447759366,elonmusk,https://t.co/OtV3HTKlE7,2022-05-25 19:29:04+00:00,29447,350973
588,1529541110133141504,elonmusk,RT @SpaceX: Falcon 9‚Äôs first stage has landed on Landing Zone 1 ‚Äì SpaceX‚Äôs 22nd launch and landing of 2022! https://t.co/wfj4AbrTk4,2022-05-25 19:13:12+00:00,6225,0
589,1529193812949614594,elonmusk,Population collapse is the biggest threat to civilization https://t.co/ZrHN5DsrVB,2022-05-24 20:13:10+00:00,20347,137258
590,1529172099503357954,elonmusk,"RT @Liv_Boeree: ‚ÄúAstronomical Waste‚Äù

Likely the most important paper ever written:

https://t.co/4DC9qVzjHm",2022-05-24 18:46:53+00:00,1768,0
591,1529149637898248193,elonmusk,RT @SpaceX: It‚Äôs ideal for travel or camping to any location internet access has been unreliable or completely unavailable ‚Üí https://t.co/t‚Ä¶,2022-05-24 17:17:38+00:00,1834,0
592,1529097667858546689,elonmusk,USA birth rate has been below min sustainable levels for ~50 years https://t.co/v5PSLbvEAE,2022-05-24 13:51:07+00:00,46303,324035
593,1528876319362240514,elonmusk,"Starlink now available for RVs, campers &amp; other large vehicle users (note, antenna too big for cars) https://t.co/uwKwduNioj",2022-05-23 23:11:34+00:00,9635,93036
594,1528736434445860871,elonmusk,"Netflix documentary about returning astronauts to orbit after Space Shuttle program ended 
 https://t.co/9mksmbiiPx",2022-05-23 13:55:43+00:00,8762,103085
595,1528576711209766914,elonmusk,"Elden Ring, experienced in its entirety, is the most beautiful art I have ever seen",2022-05-23 03:21:02+00:00,25437,334443
596,1528158783746101248,elonmusk,https://t.co/UCPd3LQ7C6,2022-05-21 23:40:20+00:00,9630,160031
597,1527903150446985216,elonmusk,"RT @jairbolsonaro: -Conversei h√° pouco com @elonmusk , que visita o Brasil a convite do Ministro @fabiofaria . Entre outros assuntos, trata‚Ä¶",2022-05-21 06:44:32+00:00,19499,0
598,1527781808875642881,elonmusk,Accurate https://t.co/s90Corf0v4,2022-05-20 22:42:22+00:00,3902,46617
599,1527748229470646272,elonmusk,Tesla is building a hardcore litigation department where we directly initiate &amp; execute lawsuits. The team will rep‚Ä¶ https://t.co/ElDf9wWeCV,2022-05-20 20:28:56+00:00,21867,211940
600,1527733001584623618,elonmusk,Sus man,2022-05-20 19:28:26+00:00,20265,246503
601,1527708901600157696,elonmusk,"Worth watching this interview with @theallinpod. The May 16 date is important.
https://t.co/hFdBLFxGXY",2022-05-20 17:52:40+00:00,6128,51022
602,1527645516258955266,elonmusk,"Super excited to be in Brazil for launch of Starlink for 19,000 unconnected schools in rural areas &amp; environmental‚Ä¶ https://t.co/pcNEr1zb1q",2022-05-20 13:40:48+00:00,52149,582019
603,1527525498460508160,elonmusk,"Finally, we get to use Elongate as scandal name. It‚Äôs kinda perfect. ü§£ https://t.co/qSNH7lsn72",2022-05-20 05:43:53+00:00,25508,277627
604,1527491436005957633,elonmusk,The attacks against me should be viewed through a political lens ‚Äì this is their standard (despicable) playbook ‚Äì b‚Ä¶ https://t.co/EARrCy0CV8,2022-05-20 03:28:32+00:00,77994,707780
605,1527418023069503511,elonmusk,"To be clear, I‚Äôm spending &lt;5% (but actually) of my time on the Twitter acquisition. It ain‚Äôt rocket science!

Yeste‚Ä¶ https://t.co/pcaFGEOOXg",2022-05-19 22:36:49+00:00,17360,247382
606,1527397380001234944,elonmusk,https://t.co/UZKs5s6BZJ,2022-05-19 21:14:47+00:00,20905,285412
607,1527350720017551368,elonmusk,RT @Liv_Boeree: Daily reminder that your brain on Twitter is being hijacked by an algorithm designed to do one thing: maximise engagement.‚Ä¶,2022-05-19 18:09:23+00:00,9708,0
608,1527347447822815232,elonmusk,https://t.co/fdy0nedGMs,2022-05-19 17:56:22+00:00,27011,256163
609,1527344969471520768,elonmusk,https://t.co/4W8COjWv16,2022-05-19 17:46:32+00:00,28144,351374
610,1527343513867735042,elonmusk,Wise words https://t.co/NTGIukXPgM,2022-05-19 17:40:45+00:00,7502,75677
611,1527341913736564755,elonmusk,"Good night, sweet maestro, and flights of angels sing thee to thy rest https://t.co/sqiY8iHS41",2022-05-19 17:34:23+00:00,6250,75364
612,1527315290132185088,elonmusk,A party more moderate on all issues than either Reps or Dems would be ideal,2022-05-19 15:48:35+00:00,16393,237351
613,1527185313919127553,elonmusk,https://t.co/E1IacL9wfN,2022-05-19 07:12:07+00:00,6869,115213
614,1527156117553483783,elonmusk,What I love most about wacktivists is their incredible sense of humor üëº,2022-05-19 05:16:06+00:00,14037,222708
615,1527146826784296962,elonmusk,Yup https://t.co/0cJUKv9hWl,2022-05-19 04:39:11+00:00,4356,77087
616,1527093893854003200,elonmusk,"RT @Tesla: Select Supercharger stations now open to non-Tesla EVs in Belgium üáßüá™, the UK üá¨üáß, Austria üá¶üáπ, Spain üá™üá∏ and Sweden üá∏üá™",2022-05-19 01:08:50+00:00,2682,0
617,1527093444899905536,elonmusk,Another batch of Starlinks reach orbit https://t.co/scNaZPZBux,2022-05-19 01:07:03+00:00,6963,106295
618,1527092956477509634,elonmusk,üòõ üçø,2022-05-19 01:05:07+00:00,20529,339315
619,1526997132858822658,elonmusk,"In the past I voted Democrat, because they were (mostly) the kindness party.

But they have become the party of div‚Ä¶ https://t.co/RjCWLtxjar",2022-05-18 18:44:21+00:00,117736,817043
620,1526961753619369987,elonmusk,Despite Tesla doing more for the environment than any company ever! https://t.co/ImxrhnRepj,2022-05-18 16:23:46+00:00,27774,235653
621,1526961470562508802,elonmusk,Political attacks on me will escalate dramatically in coming months,2022-05-18 16:22:38+00:00,52679,629856
622,1526958110023245829,elonmusk,"Exxon is rated top ten best in world for environment, social &amp; governance (ESG) by S&amp;P 500, while Tesla didn‚Äôt make‚Ä¶ https://t.co/IqAx1jhDpR",2022-05-18 16:09:17+00:00,41160,300195
623,1526823877724217348,elonmusk,bullsh*t baffles brains,2022-05-18 07:15:54+00:00,16569,221552
624,1526817827763666945,elonmusk,"RT @ICannot_Enough: Fresh @elonmusk interview, courtesy @theallinpod :
https://t.co/WmIbsqxuVY",2022-05-18 06:51:51+00:00,1805,0
625,1526685434910212102,elonmusk,Tesla AI Day #2 on Aug 19. So many cool updates!,2022-05-17 22:05:46+00:00,8846,137212
626,1526598807722549248,elonmusk,"Twitter claims that &gt;95% of daily active users are real, unique humans. Does anyone have that experience?",2022-05-17 16:21:33+00:00,12981,104508
627,1525664924432846848,elonmusk,"Iconic
laconic
!platonic",2022-05-15 02:30:38+00:00,8237,148338
628,1525651362146619392,elonmusk,"RT @SpaceX: Back-to-back Falcon 9 launches of Starlink within 24 hours, completing SpaceX's 19th and 20th launches of the year https://t.co‚Ä¶",2022-05-15 01:36:44+00:00,4756,0
629,1525638419958972419,elonmusk,Borderline too sexy https://t.co/2ShbhQKilz,2022-05-15 00:45:18+00:00,11232,193289
630,1525631880279822337,elonmusk,The Golden State is cooking its golden geese,2022-05-15 00:19:19+00:00,9601,154411
631,1525625936007372802,elonmusk,The Lawyers Who Ate California https://t.co/i4PCxc5RBH,2022-05-14 23:55:42+00:00,5095,48175
632,1525612988115320838,elonmusk,"Very important to fix your Twitter feed:

1. Tap home button.
2. Tap stars on upper right of screen.
3. Select ‚ÄúLat‚Ä¶ https://t.co/UGzzbb3aDP",2022-05-14 23:04:15+00:00,91661,532790
633,1525579400011345920,elonmusk,RT @SpaceX: Falcon 9‚Äôs first stage has landed on the Just Read the Instructions droneship https://t.co/fgAWgGRcyu,2022-05-14 20:50:47+00:00,4357,0
634,1525549535786717184,elonmusk,Whoever thought owning the libs would be cheap never tried to acquire a social media company!,2022-05-14 18:52:07+00:00,30048,383199
635,1525305145239781377,elonmusk,The bots are angry at being counted ü§£,2022-05-14 02:41:00+00:00,55196,804351
